"id","mzs","ints"
503286,13,241
503286,14,724
503286,15,9999
503286,26,275
503286,27,1344
503286,28,3655
503286,29,241
503286,30,620
503286,42,1103
503286,43,6758
503286,57,413
503286,58,3172
616386,12,90
616386,13,237
616386,14,1211
616386,15,9999
616386,16,293
616386,17,110
616386,18,27
616386,19,5
616386,22,7
616386,26,13
616386,28,884
616386,29,7045
616386,30,1256
616386,31,6906
616386,32,194
616386,33,1016
616386,34,18
616386,40,5
616386,41,9
616386,42,36
616386,43,191
616386,44,1185
616386,45,9537
616386,46,248
616386,47,34
616386,56,24
616386,59,5942
616386,60,716
616386,61,662
616386,62,824
616386,63,19
616386,64,6
616386,72,5
616386,75,153
616386,76,4
616386,90,549
616386,91,35
616386,92,5
553902,15,7459
553902,16,129
553902,17,10
553902,18,50
553902,26,20
553902,27,20
553902,28,1059
553902,29,1929
553902,30,639
553902,31,639
553902,32,50
553902,33,109
553902,42,20
553902,43,409
553902,44,889
553902,45,3289
553902,46,99
553902,47,10
553902,56,50
553902,58,10
553902,59,9999
553902,60,379
553902,61,70
553902,62,10
553902,74,20
553902,90,20
553902,118,249
553902,119,10
66273,13,10
66273,14,60
66273,15,1351
66273,16,20
66273,27,10
66273,29,1411
66273,30,170
66273,31,721
66273,32,80
66273,33,90
66273,34,50
66273,35,10
66273,44,50
66273,45,1401
66273,46,180
66273,47,70
66273,48,971
66273,49,190
66273,50,250
66273,51,30
66273,52,10
66273,62,30
66273,63,360
66273,64,520
66273,65,2783
66273,66,50
66273,67,110
66273,78,140
66273,79,7567
66273,80,9999
66273,81,530
66273,82,420
66273,95,1551
66273,96,30
66273,97,60
66273,109,591
66273,110,561
66273,111,70
66273,112,20
74839,12,50
74839,13,90
74839,14,210
74839,15,4664
74839,16,60
74839,46,140
74839,47,250
74839,48,110
74839,79,631
74839,80,160
74839,81,631
74839,82,160
74839,91,681
74839,92,400
74839,93,2092
74839,94,9999
74839,95,1491
74839,96,9428
74839,97,110
77781,12,51
77781,13,79
77781,14,496
77781,15,3583
77781,16,94
77781,17,1
77781,18,58
77781,19,48
77781,28,235
77781,29,5161
77781,30,1241
77781,31,6632
77781,32,4885
77781,33,524
77781,45,2861
77781,46,95
77781,48,1029
77781,49,196
77781,50,289
77781,61,204
77781,64,645
77781,65,1208
77781,66,2750
77781,67,89
77781,68,149
77781,78,647
77781,79,1380
77781,80,132
77781,81,202
77781,95,9999
77781,96,5514
77781,97,733
77781,98,265
77781,125,604
77781,126,407
77781,127,85
77781,128,45
1732087,14,20
1732087,15,711
1732087,16,10
1732087,26,80
1732087,27,721
1732087,28,390
1732087,29,801
1732087,30,80
1732087,31,280
1732087,32,10
1732087,33,50
1732087,34,20
1732087,35,30
1732087,37,10
1732087,38,50
1732087,39,1201
1732087,40,280
1732087,41,2813
1732087,42,1822
1732087,43,2983
1732087,44,200
1732087,45,811
1732087,46,20
1732087,47,30
1732087,48,671
1732087,49,621
1732087,51,80
1732087,52,40
1732087,53,460
1732087,54,440
1732087,55,6806
1732087,56,500
1732087,57,440
1732087,58,150
1732087,59,5565
1732087,60,170
1732087,61,40
1732087,62,10
1732087,63,220
1732087,65,110
1732087,66,40
1732087,67,480
1732087,68,1912
1732087,69,5135
1732087,70,490
1732087,71,290
1732087,72,210
1732087,73,2873
1732087,74,6796
1732087,75,300
1732087,76,30
1732087,77,20
1732087,78,20
1732087,79,230
1732087,80,80
1732087,81,250
1732087,82,320
1732087,83,4024
1732087,84,260
1732087,85,480
1732087,86,50
1732087,87,2282
1732087,88,330
1732087,89,20
1732087,94,10
1732087,95,140
1732087,96,1001
1732087,97,2803
1732087,98,270
1732087,99,160
1732087,100,1481
1732087,101,500
1732087,102,120
1732087,103,10
1732087,106,10
1732087,107,10
1732087,109,10
1732087,111,1822
1732087,112,150
1732087,113,540
1732087,114,931
1732087,115,9999
1732087,116,681
1732087,117,60
1732087,122,10
1732087,123,130
1732087,124,2472
1732087,125,4234
1732087,126,350
1732087,127,270
1732087,128,3573
1732087,129,561
1732087,130,50
1732087,139,200
1732087,140,20
1732087,141,80
1732087,142,10
1732087,145,50
1732087,146,70
1732087,155,30
1732087,156,841
1732087,157,3653
1732087,158,330
1732087,159,40
1732087,160,10
1732087,189,10
18113149,41,3
18113149,42,6
18113149,43,30
18113149,47,72
18113149,48,111
18113149,49,578
18113149,50,1897
18113149,51,1373
18113149,53,6943
18113149,54,270
18113149,55,4
18113149,59,6
18113149,60,989
18113149,61,1248
18113149,62,1689
18113149,63,2009
18113149,64,120
18113149,65,455
18113149,66,40
18113149,69,18
18113149,71,9
18113149,72,146
18113149,73,646
18113149,74,160
18113149,75,199
18113149,76,6
18113149,77,255
18113149,78,52
18113149,79,693
18113149,80,5
18113149,83,38
18113149,84,188
18113149,85,1736
18113149,86,533
18113149,87,930
18113149,88,462
18113149,89,316
18113149,90,123
18113149,91,191
18113149,93,5
18113149,95,5
18113149,96,158
18113149,97,680
18113149,98,110
18113149,99,571
18113149,100,30
18113149,101,75
18113149,105,23
18113149,107,100
18113149,108,3
18113149,109,19
18113149,111,2
18113149,113,1764
18113149,114,251
18113149,115,524
18113149,116,54
18113149,120,103
18113149,121,148
18113149,122,50
18113149,123,84
18113149,125,21
18113149,126,14
18113149,127,34
18113149,128,10
18113149,129,28
18113149,131,1
18113149,133,148
18113149,135,71
18113149,141,1154
18113149,142,153
18113149,143,338
18113149,144,14
18113149,148,38
18113149,149,3052
18113149,150,159
18113149,151,1947
18113149,152,51
18113149,153,247
18113149,157,1
18113149,163,18
18113149,177,9999
18113149,178,654
18113149,179,6447
18113149,180,361
18113149,181,1008
18113149,182,13
18113149,191,54
18113149,192,5670
18113149,193,456
18113149,194,3583
18113149,195,213
18113149,196,519
18113149,197,3
3695849,15,509
3695849,26,20
3695849,27,129
3695849,28,109
3695849,29,60
3695849,30,10
3695849,31,10
3695849,37,40
3695849,38,90
3695849,39,309
3695849,40,20
3695849,44,10
3695849,45,50
3695849,49,40
3695849,50,699
3695849,51,1849
3695849,52,289
3695849,53,60
3695849,59,679
3695849,60,20
3695849,61,90
3695849,62,169
3695849,63,309
3695849,64,199
3695849,65,60
3695849,66,119
3695849,70,20
3695849,73,40
3695849,74,359
3695849,75,759
3695849,76,579
3695849,77,2909
3695849,78,329
3695849,79,20
3695849,85,10
3695849,86,30
3695849,87,70
3695849,88,119
3695849,89,129
3695849,90,40
3695849,91,199
3695849,92,40
3695849,93,40
3695849,94,10
3695849,97,10
3695849,98,50
3695849,99,159
3695849,100,359
3695849,101,1559
3695849,102,1499
3695849,103,169
3695849,104,30
3695849,105,50
3695849,107,10
3695849,108,40
3695849,110,20
3695849,112,10
3695849,113,10
3695849,114,60
3695849,115,319
3695849,116,209
3695849,117,40
3695849,118,10
3695849,121,2359
3695849,122,209
3695849,123,20
3695849,126,60
3695849,127,1269
3695849,128,4739
3695849,129,789
3695849,130,139
3695849,131,50
3695849,132,10
3695849,140,50
3695849,141,249
3695849,142,549
3695849,143,359
3695849,144,90
3695849,145,10
3695849,154,20
3695849,155,349
3695849,156,7869
3695849,157,929
3695849,158,179
3695849,159,60
3695849,160,50
3695849,161,40
3695849,169,99
3695849,170,40
3695849,171,20
3695849,172,539
3695849,173,70
3695849,186,4879
3695849,187,9999
3695849,188,1239
3695849,189,119
6552132,51,370
6552132,52,220
6552132,53,120
6552132,54,30
6552132,55,40
6552132,57,10
6552132,58,40
6552132,59,40
6552132,60,10
6552132,61,30
6552132,62,110
6552132,63,540
6552132,64,90
6552132,65,380
6552132,66,170
6552132,67,80
6552132,68,20
6552132,69,190
6552132,70,80
6552132,71,60
6552132,72,30
6552132,73,20
6552132,74,50
6552132,75,70
6552132,76,90
6552132,77,601
6552132,78,430
6552132,79,1301
6552132,80,50
6552132,81,50
6552132,82,80
6552132,83,50
6552132,84,60
6552132,85,60
6552132,86,50
6552132,87,60
6552132,88,20
6552132,89,440
6552132,90,130
6552132,91,330
6552132,92,70
6552132,93,380
6552132,94,110
6552132,95,240
6552132,96,60
6552132,97,290
6552132,98,80
6552132,99,30
6552132,100,10
6552132,101,20
6552132,102,40
6552132,103,70
6552132,104,70
6552132,105,120
6552132,106,60
6552132,107,110
6552132,109,6055
6552132,110,390
6552132,111,160
6552132,112,20
6552132,113,130
6552132,114,10
6552132,115,20
6552132,116,10
6552132,117,30
6552132,118,30
6552132,119,40
6552132,120,80
6552132,121,350
6552132,122,90
6552132,123,310
6552132,124,150
6552132,125,460
6552132,126,380
6552132,127,1551
6552132,128,60
6552132,129,20
6552132,130,10
6552132,131,10
6552132,133,10
6552132,134,130
6552132,135,260
6552132,136,110
6552132,137,681
6552132,138,130
6552132,139,150
6552132,140,30
6552132,141,90
6552132,142,20
6552132,143,10
6552132,145,10
6552132,146,10
6552132,147,10
6552132,148,10
6552132,149,60
6552132,150,20
6552132,151,140
6552132,152,50
6552132,153,460
6552132,154,170
6552132,155,130
6552132,156,30
6552132,157,10
6552132,159,10
6552132,163,10
6552132,164,10
6552132,165,10
6552132,166,10
6552132,167,70
6552132,168,30
6552132,169,110
6552132,170,30
6552132,171,370
6552132,172,40
6552132,173,40
6552132,174,10
6552132,175,10
6552132,179,10
6552132,181,10
6552132,182,10
6552132,183,40
6552132,184,40
6552132,185,110
6552132,186,40
6552132,187,80
6552132,188,180
6552132,189,30
6552132,190,10
6552132,196,10
6552132,197,10
6552132,199,210
6552132,200,60
6552132,201,70
6552132,202,80
6552132,203,751
6552132,204,70
6552132,205,40
6552132,206,10
6552132,207,10
6552132,212,10
6552132,213,40
6552132,214,40
6552132,215,200
6552132,216,100
6552132,217,250
6552132,218,30
6552132,219,10
6552132,220,160
6552132,221,20
6552132,222,10
6552132,223,10
6552132,227,10
6552132,228,10
6552132,229,120
6552132,230,60
6552132,231,951
6552132,232,140
6552132,233,50
6552132,234,20
6552132,235,100
6552132,236,10
6552132,237,10
6552132,243,10
6552132,244,10
6552132,245,50
6552132,246,50
6552132,247,470
6552132,248,120
6552132,249,30
6552132,250,10
6552132,259,10
6552132,261,470
6552132,262,2452
6552132,263,9999
6552132,264,1171
6552132,265,591
6552132,266,60
6552132,267,10
6552132,278,2953
6552132,279,380
6552132,280,190
6552132,281,20
6552132,282,10
1333740,1,210
1333740,2,9999
7782390,2,159
7782390,4,9999
334883,12,1102
334883,13,2205
334883,14,9999
334883,15,252
334883,26,126
334883,27,583
334883,28,1795
334883,29,205
334883,40,220
334883,41,1102
334883,42,4252
334883,43,110
463514,12,1251
463514,13,1311
463514,14,9999
463514,15,120
463514,16,100
463514,20,10
463514,21,180
463514,24,440
463514,25,581
463514,26,160
463514,27,10
463514,28,1131
463514,29,681
463514,30,10
463514,40,510
463514,41,2652
463514,42,9398
463514,43,210
463514,44,10
107255,12,400
107255,13,971
107255,14,2462
107255,15,9999
107255,16,80
107255,17,10
107255,18,20
107255,24,130
107255,25,561
107255,26,2893
107255,27,6025
107255,28,6596
107255,29,6286
107255,30,561
107255,31,4034
107255,32,260
107255,33,20
107255,35,10
107255,36,20
107255,37,10
107255,38,20
107255,39,60
107255,40,80
107255,41,270
107255,42,1992
107255,43,6856
107255,44,180
107255,45,20
107255,52,10
107255,53,10
107255,54,10
107255,55,50
107255,56,20
107255,57,470
107255,58,7757
107255,59,270
107255,60,20
378756,12,30
378756,13,50
378756,15,9999
378756,16,100
378756,20,10
378756,29,1231
378756,30,230
378756,31,1762
378756,33,200
378756,43,40
378756,44,90
378756,45,80
378756,47,50
378756,50,641
378756,51,70
378756,59,6426
378756,60,140
378756,61,30
378756,62,20
378756,65,70
378756,69,3083
378756,70,30
378756,71,20
378756,78,60
378756,81,480
378756,82,10
378756,97,300
378756,98,10
378756,100,891
378756,101,20
378756,103,20
378756,109,10
378756,119,2542
378756,120,50
378756,128,40
378756,129,10
378756,131,300
378756,132,10
378756,147,160
378756,149,70
378756,177,10
77462545,15,9999
77462545,16,140
77462545,18,190
77462545,26,460
77462545,27,4084
77462545,28,851
77462545,29,1271
77462545,30,120
77462545,31,480
77462545,33,40
77462545,35,60
77462545,36,80
77462545,37,60
77462545,38,230
77462545,39,2783
77462545,40,360
77462545,41,781
77462545,42,761
77462545,43,1041
77462545,44,270
77462545,45,681
77462545,47,80
77462545,50,290
77462545,51,611
77462545,52,571
77462545,53,3213
77462545,54,1591
77462545,55,3423
77462545,56,230
77462545,57,140
77462545,58,290
77462545,59,7917
77462545,60,210
77462545,63,40
77462545,67,290
77462545,68,340
77462545,69,360
77462545,70,80
77462545,71,4784
77462545,72,190
77462545,73,140
77462545,74,250
77462545,75,821
77462545,79,80
77462545,80,741
77462545,81,4124
77462545,82,911
77462545,83,550
77462545,84,210
77462545,85,530
77462545,86,40
77462545,87,210
77462545,90,40
77462545,91,40
77462545,95,40
77462545,97,851
77462545,98,5825
77462545,99,6786
77462545,100,290
77462545,101,230
77462545,108,3613
77462545,109,2532
77462545,110,170
77462545,111,380
77462545,112,1651
77462545,113,3043
77462545,114,290
77462545,115,40
77462545,117,60
77462545,127,60
77462545,130,60
77462545,140,1932
77462545,141,1311
77462545,142,120
77462545,157,40
77462545,171,60
947579,12,68
947579,13,83
947579,15,9999
947579,16,172
947579,17,39
947579,18,97
947579,24,15
947579,25,47
947579,26,360
947579,27,1212
947579,28,567
947579,29,1962
947579,30,504
947579,31,580
947579,32,78
947579,33,32
947579,36,25
947579,37,481
947579,38,1232
947579,39,4634
947579,40,907
947579,41,548
947579,42,54
947579,43,240
947579,44,112
947579,45,509
947579,46,77
947579,47,20
947579,48,21
947579,49,168
947579,50,1180
947579,51,2067
947579,52,917
947579,53,1061
947579,54,130
947579,55,225
947579,56,6
947579,57,22
947579,58,6
947579,59,5507
947579,60,165
947579,61,493
947579,62,1786
947579,63,4571
947579,64,1682
947579,65,2581
947579,66,8849
947579,67,591
947579,69,184
947579,70,17
947579,71,29
947579,73,89
947579,74,291
947579,75,355
947579,76,17
947579,77,3833
947579,78,1651
947579,79,1995
947579,80,308
947579,81,93
947579,83,73
947579,84,37
947579,85,100
947579,86,230
947579,87,279
947579,88,29
947579,89,4723
947579,90,5136
947579,91,4839
947579,92,1333
947579,93,1090
947579,94,156
947579,95,684
947579,96,132
947579,97,34
947579,101,30
947579,103,530
947579,104,462
947579,105,2519
947579,106,1041
947579,107,262
947579,108,40
947579,109,65
947579,110,58
947579,111,433
947579,112,35
947579,113,11
947579,115,52
947579,117,950
947579,118,3621
947579,119,3276
947579,120,406
947579,121,1585
947579,122,213
947579,123,81
947579,124,171
947579,125,20
947579,126,15
947579,129,8
947579,131,103
947579,133,1133
947579,134,401
947579,135,252
947579,136,46
947579,137,187
947579,138,60
947579,139,48
947579,143,54
947579,144,90
947579,145,293
947579,146,135
947579,147,267
947579,148,1139
947579,149,6125
947579,150,1003
947579,151,306
947579,152,36
947579,154,63
947579,155,11
947579,159,17
947579,161,2260
947579,162,242
947579,163,472
947579,164,61
947579,165,83
947579,166,8
947579,172,8
947579,173,17
947579,174,15
947579,176,4113
947579,177,3741
947579,178,517
947579,179,70
947579,180,37
947579,182,290
947579,183,26
947579,193,1576
947579,194,177
947579,195,23
947579,205,11
947579,207,581
947579,208,1895
947579,209,226
947579,210,24
877894,12,67
877894,13,91
877894,14,366
877894,15,9999
877894,16,126
877894,17,51
877894,18,537
877894,26,37
877894,27,184
877894,28,913
877894,29,1122
877894,30,900
877894,31,216
877894,35,11
877894,38,37
877894,39,27
877894,40,96
877894,41,222
877894,42,2056
877894,43,264
877894,44,115
877894,45,51
877894,49,11
877894,52,29
877894,53,128
877894,54,158
877894,55,214
877894,56,689
877894,57,163
877894,58,980
877894,59,64
877894,61,13
877894,62,16
877894,63,13
877894,66,163
877894,67,363
877894,68,152
877894,69,1196
877894,70,4017
877894,71,182
877894,72,411
877894,73,21
877894,76,21
877894,78,32
877894,81,24
877894,82,45
877894,83,702
877894,84,88
877894,85,53
877894,86,19
877894,87,45
877894,88,40
877894,89,16
877894,94,299
877894,95,80
877894,96,85
877894,97,27
877894,98,577
877894,99,270
877894,100,67
877894,101,206
877894,110,51
877894,111,101
877894,112,29
877894,113,56
877894,114,24
877894,117,19
877894,126,2842
877894,127,176
877894,128,37
877894,130,45
877894,141,1976
877894,142,238
877894,143,27
877894,145,101
877894,147,40
877894,149,43
877894,151,29
877894,156,187
877894,157,19
877894,170,518
877894,171,1645
877894,172,278
877894,173,32
877894,175,27
77462534,14,170
77462534,15,9999
77462534,16,100
77462534,18,140
77462534,26,681
77462534,27,3944
77462534,28,1041
77462534,29,981
77462534,30,290
77462534,31,310
77462534,33,140
77462534,35,40
77462534,37,170
77462534,38,190
77462534,39,2512
77462534,40,380
77462534,41,3433
77462534,42,591
77462534,43,981
77462534,44,140
77462534,45,781
77462534,50,190
77462534,51,440
77462534,52,190
77462534,53,4074
77462534,54,1591
77462534,55,2963
77462534,56,250
77462534,57,170
77462534,58,270
77462534,59,6186
77462534,60,270
77462534,61,60
77462534,65,60
77462534,66,40
77462534,67,190
77462534,68,460
77462534,69,460
77462534,70,120
77462534,71,3133
77462534,72,190
77462534,73,210
77462534,74,270
77462534,75,761
77462534,76,80
77462534,79,60
77462534,80,1001
77462534,81,5035
77462534,82,1231
77462534,83,781
77462534,84,210
77462534,85,460
77462534,87,230
77462534,95,190
77462534,97,811
77462534,98,6336
77462534,99,5475
77462534,100,340
77462534,101,230
77462534,102,60
77462534,108,4924
77462534,109,5745
77462534,110,360
77462534,111,611
77462534,112,1171
77462534,113,1491
77462534,114,170
77462534,115,140
77462534,117,140
77462534,125,100
77462534,127,190
77462534,130,100
77462534,140,2232
77462534,141,1852
77462534,157,40
77462534,171,60
6552121,12,30
6552121,13,30
6552121,14,290
6552121,15,9999
6552121,16,300
6552121,20,30
6552121,26,70
6552121,27,420
6552121,28,1461
6552121,29,570
6552121,30,130
6552121,31,760
6552121,32,260
6552121,33,120
6552121,34,60
6552121,35,10
6552121,36,10
6552121,37,30
6552121,38,180
6552121,39,1321
6552121,40,140
6552121,41,340
6552121,42,60
6552121,43,210
6552121,44,100
6552121,45,2042
6552121,46,150
6552121,47,960
6552121,48,130
6552121,49,110
6552121,50,400
6552121,51,1211
6552121,52,500
6552121,53,350
6552121,54,30
6552121,55,150
6552121,56,30
6552121,57,130
6552121,58,250
6552121,59,240
6552121,60,40
6552121,61,130
6552121,62,260
6552121,63,1041
6552121,64,170
6552121,65,870
6552121,66,650
6552121,67,130
6552121,69,770
6552121,70,380
6552121,71,280
6552121,72,160
6552121,73,60
6552121,74,90
6552121,75,140
6552121,76,170
6552121,77,1721
6552121,78,920
6552121,79,2442
6552121,80,90
6552121,81,180
6552121,82,130
6552121,83,130
6552121,84,250
6552121,85,240
6552121,86,100
6552121,87,60
6552121,88,40
6552121,89,470
6552121,90,160
6552121,91,1301
6552121,92,240
6552121,93,840
6552121,94,160
6552121,95,450
6552121,96,120
6552121,97,210
6552121,98,70
6552121,99,50
6552121,100,10
6552121,101,10
6552121,102,100
6552121,103,380
6552121,104,300
6552121,105,380
6552121,106,90
6552121,107,200
6552121,109,6356
6552121,110,900
6552121,111,180
6552121,112,40
6552121,113,70
6552121,115,60
6552121,116,40
6552121,117,120
6552121,118,20
6552121,119,80
6552121,120,150
6552121,121,1591
6552121,122,230
6552121,123,240
6552121,124,100
6552121,125,690
6552121,126,50
6552121,127,580
6552121,128,10
6552121,129,10
6552121,131,30
6552121,133,30
6552121,134,310
6552121,135,1311
6552121,136,330
6552121,137,580
6552121,138,290
6552121,139,470
6552121,140,60
6552121,141,40
6552121,147,10
6552121,148,10
6552121,149,390
6552121,150,170
6552121,151,240
6552121,152,110
6552121,153,1431
6552121,154,450
6552121,155,180
6552121,156,30
6552121,157,10
6552121,165,20
6552121,166,30
6552121,167,150
6552121,168,100
6552121,169,40
6552121,170,10
6552121,171,30
6552121,183,30
6552121,184,10
6552121,185,180
6552121,186,20
6552121,187,70
6552121,197,20
6552121,199,100
6552121,200,50
6552121,201,30
6552121,202,130
6552121,203,290
6552121,204,20
6552121,213,30
6552121,215,460
6552121,216,110
6552121,217,470
6552121,218,40
6552121,219,30
6552121,229,50
6552121,230,30
6552121,231,40
6552121,232,60
6552121,247,1221
6552121,248,120
6552121,249,50
6552121,262,4574
6552121,263,520
6552121,264,230
6552121,265,20
593748,13,464
593748,14,2080
593748,15,9999
593748,99,8
593748,100,19
593748,101,25
593748,102,7
593748,196,21
593748,197,5
593748,198,1262
593748,199,2280
593748,200,3152
593748,201,1998
593748,202,3951
593748,203,433
593748,204,864
593748,205,99
593748,210,86
593748,211,363
593748,212,906
593748,213,4269
593748,214,6540
593748,215,8056
593748,216,5286
593748,217,9083
593748,218,317
593748,219,2071
593748,220,7
593748,223,5
593748,224,6
593748,225,9
593748,226,49
593748,227,65
593748,228,1308
593748,229,2153
593748,230,2916
593748,231,1689
593748,232,3660
593748,233,25
593748,234,830
74828,12,380
74828,13,1069
74828,14,2042
74828,15,8879
74828,16,9999
74828,17,164
7664417,14,220
7664417,15,751
7664417,16,8007
7664417,17,9999
7664417,18,40
57136,12,40
57136,13,90
57136,14,40
57136,15,119
57136,16,1729
57136,17,9999
57136,18,259
57136,21,40
57136,22,60
57136,26,50
57136,27,189
57136,28,429
57136,29,349
57136,30,109
57136,31,339
57136,32,20
57136,40,20
57136,41,179
57136,42,419
57136,43,1569
57136,44,8079
57136,45,159
57136,46,20
57136,60,9269
57136,61,209
57136,62,30
7732185,16,90
7732185,17,2122
7732185,18,9999
7732185,19,50
7732185,20,30
74862,12,70
74862,13,320
74862,14,10
74862,24,500
74862,25,1912
74862,26,9999
74862,27,220
74862,28,10
19287457,10,631
19287457,11,2843
19287457,12,1812
19287457,13,2442
19287457,14,70
19287457,15,10
19287457,21,190
19287457,22,1121
19287457,23,4574
19287457,24,8968
19287457,25,5675
19287457,26,9999
19287457,27,9749
19287457,28,30
598798,11,62
598798,12,321
598798,13,373
598798,14,635
598798,15,345
598798,16,100
598798,17,422
598798,18,111
598798,24,932
598798,25,3330
598798,26,9999
598798,27,8682
598798,28,851
598798,29,824
598798,30,63
598798,31,170
598798,35,877
598798,36,544
598798,37,376
598798,38,87
598798,40,141
598798,41,288
598798,42,1219
598798,43,448
598798,44,958
598798,45,4942
598798,46,132
598798,47,341
598798,48,123
598798,49,175
598798,51,107
598798,52,488
598798,53,1756
598798,54,431
598798,55,46
598798,59,360
598798,60,1985
598798,61,8333
598798,62,5021
598798,63,2655
598798,64,1359
598798,71,4981
598798,72,258
598798,76,90
598798,77,85
598798,78,309
598798,80,125
598798,87,54
598798,89,1822
598798,90,60
598798,91,644
598798,92,21
598798,106,7956
598798,107,270
598798,108,2607
598798,109,90
32936746,25,1822
32936746,26,9999
32936746,28,2242
32936746,29,430
32936746,32,320
32936746,37,661
32936746,40,170
32936746,41,440
32936746,48,60
32936746,52,270
32936746,53,1301
32936746,54,4954
32936746,55,190
32936746,56,90
32936746,69,50
32936746,82,1621
32936746,83,80
