"id","mz_ratio","intensity"
"Hectochlorin M+H",217.74823,167912
"Hectochlorin M+H",362.789001,59880
"Hectochlorin M+H",365.723022,60870
"Hectochlorin M+H",369.804291,307897
"Hectochlorin M+H",405.815887,1482111
"Hectochlorin M+H",423.638977,161669
"Hectochlorin M+H",465.704803,178719
"Hectochlorin M+H",506.802399,140763
"Hectochlorin M+H",524.94574,69619
"Hectochlorin M+H",542.833557,102843
"Hectochlorin M+H",546.739807,97258
"Hectochlorin M+H",560.869568,433371
"Hectochlorin M+H",568.85199,480612
"Hectochlorin M+H",586.748169,133034
"Hectochlorin M+H",604.804443,5549140
"Hectochlorin M+H",606.690308,83891
"Hectochlorin M+H",622.757446,414661
"Hectochlorin M+H",628.79187,336850
"Malyngamide J M+H",175.014008,1684
"Malyngamide J M+H",192.072906,1692
"Malyngamide J M+H",209.779663,2270
"Malyngamide J M+H",224.335022,1047
"Malyngamide J M+H",236.332825,1713
"Malyngamide J M+H",272.723511,303
"Malyngamide J M+H",274.761963,478
"Malyngamide J M+H",382.200684,1106
"Malyngamide J M+H",392.527954,1676
"Malyngamide J M+H",397.75354,348
"Malyngamide J M+H",398.327942,1630
"Malyngamide J M+H",415.924774,7570
"Malyngamide J M+H",418.00708,419
"Malyngamide J M+H",430.006531,1100
"Malyngamide J M+H",439.535095,611
"Malyngamide J M+H",447.965729,10124
"Malyngamide J M+H",451.09259,505
"Malyngamide J M+H",454.353271,3113
"Malyngamide J M+H",464.952209,486
"Malyngamide J M+H",492.733154,805
"Malyngamide J M+H",503.803162,481
"Malyngamide J M+H",526.112183,1094
"Malyngamide J M+H",527.667236,309
"Malyngamide J M+H",539.587402,2204
"Malyngamide J M+H",544.141602,1693
"Malyngamide J M+H",558.240234,2871
"Malyngamide J M+H",576.024414,1593
"Malyngamide J M+H",577.979248,2824
"Malyngamide J M+H",579.066772,362
"Malyngamide J M+H",583.858398,486
"Malyngamide J M+H",589.837646,426
"Malyngamide J M+H",596.244141,462
"Malyngamide J M+H",607.336426,1215
"Malyngamide J M+H",615.210144,2615
"Malyngamide J M+H",616.463623,947
"Trp_derivative M+H",145.930786,48028792
"Trp_derivative M+H",146.593414,924155
"Trp_derivative M+H",163.950317,8807874
"1-hydroxyphenazine M+H",50.309811,127
"1-hydroxyphenazine M+H",50.565948,116
"1-hydroxyphenazine M+H",51.805309,114
"1-hydroxyphenazine M+H",52.150272,124
"1-hydroxyphenazine M+H",52.455173,122
"1-hydroxyphenazine M+H",52.659218,138
"1-hydroxyphenazine M+H",52.885757,161
"1-hydroxyphenazine M+H",53.096981,130
"1-hydroxyphenazine M+H",53.359043,137
"1-hydroxyphenazine M+H",53.510181,134
"1-hydroxyphenazine M+H",53.611263,133
"1-hydroxyphenazine M+H",55.511166,108
"1-hydroxyphenazine M+H",55.628159,126
"1-hydroxyphenazine M+H",56.22757,127
"1-hydroxyphenazine M+H",56.650948,169
"1-hydroxyphenazine M+H",57.217045,120
"1-hydroxyphenazine M+H",57.300621,105
"1-hydroxyphenazine M+H",57.617577,125
"1-hydroxyphenazine M+H",57.931068,103
"1-hydroxyphenazine M+H",58.193138,118
"1-hydroxyphenazine M+H",58.677727,125
"1-hydroxyphenazine M+H",59.300571,111
"1-hydroxyphenazine M+H",59.353718,110
"1-hydroxyphenazine M+H",59.933865,126
"1-hydroxyphenazine M+H",60.341393,119
"1-hydroxyphenazine M+H",60.372643,210
"1-hydroxyphenazine M+H",60.550671,144
"1-hydroxyphenazine M+H",60.605282,125
"1-hydroxyphenazine M+H",60.910927,149
"1-hydroxyphenazine M+H",61.709995,148
"1-hydroxyphenazine M+H",62.154064,105
"1-hydroxyphenazine M+H",62.389141,179
"1-hydroxyphenazine M+H",62.51152,129
"1-hydroxyphenazine M+H",62.568024,124
"1-hydroxyphenazine M+H",62.864304,134
"1-hydroxyphenazine M+H",63.194378,118
"1-hydroxyphenazine M+H",63.386417,115
"1-hydroxyphenazine M+H",63.81908,103
"1-hydroxyphenazine M+H",64.32209,134
"1-hydroxyphenazine M+H",65.44381,182
"1-hydroxyphenazine M+H",65.82383,125
"1-hydroxyphenazine M+H",65.98661,113
"1-hydroxyphenazine M+H",66.042419,109
"1-hydroxyphenazine M+H",66.699379,118
"1-hydroxyphenazine M+H",66.699409,118
"1-hydroxyphenazine M+H",67.227554,116
"1-hydroxyphenazine M+H",67.621902,114
"1-hydroxyphenazine M+H",68.0149,121
"1-hydroxyphenazine M+H",68.23661,130
"1-hydroxyphenazine M+H",68.490532,109
"1-hydroxyphenazine M+H",68.649666,177
"1-hydroxyphenazine M+H",68.731644,109
"1-hydroxyphenazine M+H",69.846397,170
"1-hydroxyphenazine M+H",69.979919,132
"1-hydroxyphenazine M+H",70.584503,113
"1-hydroxyphenazine M+H",70.949806,108
"1-hydroxyphenazine M+H",71.068832,130
"1-hydroxyphenazine M+H",71.610847,124
"1-hydroxyphenazine M+H",72.556198,170
"1-hydroxyphenazine M+H",72.712036,114
"1-hydroxyphenazine M+H",72.891945,124
"1-hydroxyphenazine M+H",73.378532,144
"1-hydroxyphenazine M+H",73.613815,117
"1-hydroxyphenazine M+H",73.690002,124
"1-hydroxyphenazine M+H",74.666275,157
"1-hydroxyphenazine M+H",74.876762,111
"1-hydroxyphenazine M+H",75.267433,119
"1-hydroxyphenazine M+H",75.477013,123
"1-hydroxyphenazine M+H",75.591522,123
"1-hydroxyphenazine M+H",76.210526,110
"1-hydroxyphenazine M+H",76.320518,113
"1-hydroxyphenazine M+H",76.60347,216
"1-hydroxyphenazine M+H",76.675079,136
"1-hydroxyphenazine M+H",76.834969,144
"1-hydroxyphenazine M+H",77.169586,110
"1-hydroxyphenazine M+H",77.533363,123
"1-hydroxyphenazine M+H",77.799286,138
"1-hydroxyphenazine M+H",78.072906,138
"1-hydroxyphenazine M+H",78.170616,118
"1-hydroxyphenazine M+H",78.729309,133
"1-hydroxyphenazine M+H",79.676643,129
"1-hydroxyphenazine M+H",79.926659,129
"1-hydroxyphenazine M+H",80.643883,126
"1-hydroxyphenazine M+H",80.735886,149
"1-hydroxyphenazine M+H",80.86628,140
"1-hydroxyphenazine M+H",80.975037,120
"1-hydroxyphenazine M+H",81.431335,138
"1-hydroxyphenazine M+H",81.491196,107
"1-hydroxyphenazine M+H",81.688232,129
"1-hydroxyphenazine M+H",81.974518,110
"1-hydroxyphenazine M+H",82.955177,128
"1-hydroxyphenazine M+H",83.100769,115
"1-hydroxyphenazine M+H",83.630402,142
"1-hydroxyphenazine M+H",83.671097,120
"1-hydroxyphenazine M+H",83.859627,126
"1-hydroxyphenazine M+H",84.426071,133
"1-hydroxyphenazine M+H",84.948662,140
"1-hydroxyphenazine M+H",85.4543,138
"1-hydroxyphenazine M+H",85.622002,147
"1-hydroxyphenazine M+H",85.799576,215
"1-hydroxyphenazine M+H",85.84095,173
"1-hydroxyphenazine M+H",86.060249,116
"1-hydroxyphenazine M+H",86.566154,171
"1-hydroxyphenazine M+H",88.125786,134
"1-hydroxyphenazine M+H",88.940163,135
"1-hydroxyphenazine M+H",89.201088,117
"1-hydroxyphenazine M+H",89.215523,113
"1-hydroxyphenazine M+H",89.697739,115
"1-hydroxyphenazine M+H",89.977226,206
"1-hydroxyphenazine M+H",91.065002,106
"1-hydroxyphenazine M+H",91.267059,130
"1-hydroxyphenazine M+H",91.94519,124
"1-hydroxyphenazine M+H",92.239731,127
"1-hydroxyphenazine M+H",92.441849,131
"1-hydroxyphenazine M+H",92.471497,116
"1-hydroxyphenazine M+H",92.97683,132
"1-hydroxyphenazine M+H",94.082985,148
"1-hydroxyphenazine M+H",94.203072,147
"1-hydroxyphenazine M+H",94.86776,125
"1-hydroxyphenazine M+H",95.020042,157
"1-hydroxyphenazine M+H",95.827255,112
"1-hydroxyphenazine M+H",96.688911,122
"1-hydroxyphenazine M+H",96.723564,107
"1-hydroxyphenazine M+H",98.990906,137
"1-hydroxyphenazine M+H",99.01947,132
"1-hydroxyphenazine M+H",99.611366,112
"1-hydroxyphenazine M+H",100.643623,138
"1-hydroxyphenazine M+H",101.069725,121
"1-hydroxyphenazine M+H",101.22049,130
"1-hydroxyphenazine M+H",101.893806,131
"1-hydroxyphenazine M+H",103.135025,140
"1-hydroxyphenazine M+H",103.255936,121
"1-hydroxyphenazine M+H",103.813316,126
"1-hydroxyphenazine M+H",103.836205,128
"1-hydroxyphenazine M+H",105.278885,125
"1-hydroxyphenazine M+H",105.434486,131
"1-hydroxyphenazine M+H",105.962662,158
"1-hydroxyphenazine M+H",106.231049,109
"1-hydroxyphenazine M+H",106.529968,107
"1-hydroxyphenazine M+H",106.647354,106
"1-hydroxyphenazine M+H",107.145149,152
"1-hydroxyphenazine M+H",107.297211,121
"1-hydroxyphenazine M+H",107.325455,116
"1-hydroxyphenazine M+H",107.661674,146
"1-hydroxyphenazine M+H",108.432114,116
"1-hydroxyphenazine M+H",108.480042,127
"1-hydroxyphenazine M+H",108.480118,127
"1-hydroxyphenazine M+H",110.279144,145
"1-hydroxyphenazine M+H",111.058182,112
"1-hydroxyphenazine M+H",111.878922,174
"1-hydroxyphenazine M+H",113.617485,139
"1-hydroxyphenazine M+H",116.019234,146
"1-hydroxyphenazine M+H",116.406517,148
"1-hydroxyphenazine M+H",116.97818,118
"1-hydroxyphenazine M+H",117.585838,111
"1-hydroxyphenazine M+H",117.790863,128
"1-hydroxyphenazine M+H",117.988525,171
"1-hydroxyphenazine M+H",119.203194,119
"1-hydroxyphenazine M+H",120.043304,174
"1-hydroxyphenazine M+H",120.888016,128
"1-hydroxyphenazine M+H",121.152908,123
"1-hydroxyphenazine M+H",121.447937,109
"1-hydroxyphenazine M+H",122.776596,150
"1-hydroxyphenazine M+H",125.770523,133
"1-hydroxyphenazine M+H",127.412819,132
"1-hydroxyphenazine M+H",127.412926,132
"1-hydroxyphenazine M+H",127.841133,128
"1-hydroxyphenazine M+H",128.268112,119
"1-hydroxyphenazine M+H",130.259155,137
"1-hydroxyphenazine M+H",130.259277,137
"1-hydroxyphenazine M+H",130.747986,116
"1-hydroxyphenazine M+H",130.799744,119
"1-hydroxyphenazine M+H",131.472595,121
"1-hydroxyphenazine M+H",131.510895,131
"1-hydroxyphenazine M+H",131.732162,156
"1-hydroxyphenazine M+H",132.026184,114
"1-hydroxyphenazine M+H",133.288849,149
"1-hydroxyphenazine M+H",135.206604,121
"1-hydroxyphenazine M+H",135.996262,124
"1-hydroxyphenazine M+H",137.629517,119
"1-hydroxyphenazine M+H",141.258682,166
"1-hydroxyphenazine M+H",144.60289,132
"1-hydroxyphenazine M+H",145.923813,144
"1-hydroxyphenazine M+H",146.167114,115
"1-hydroxyphenazine M+H",146.476425,120
"1-hydroxyphenazine M+H",147.763687,137
"1-hydroxyphenazine M+H",148.072128,108
"1-hydroxyphenazine M+H",149.007278,160
"1-hydroxyphenazine M+H",150.601013,134
"1-hydroxyphenazine M+H",150.887482,131
"1-hydroxyphenazine M+H",152.379257,140
"1-hydroxyphenazine M+H",152.37941,140
"1-hydroxyphenazine M+H",153.690094,122
"1-hydroxyphenazine M+H",157.085068,128
"1-hydroxyphenazine M+H",157.879471,109
"1-hydroxyphenazine M+H",158.272598,121
"1-hydroxyphenazine M+H",159.693329,117
"1-hydroxyphenazine M+H",159.8694,125
"1-hydroxyphenazine M+H",162.458893,136
"1-hydroxyphenazine M+H",162.957092,121
"1-hydroxyphenazine M+H",163.012955,124
"1-hydroxyphenazine M+H",163.361679,121
"1-hydroxyphenazine M+H",164.605652,180
"1-hydroxyphenazine M+H",165.048828,114
"1-hydroxyphenazine M+H",167.56073,101
"1-hydroxyphenazine M+H",167.611832,127
"1-hydroxyphenazine M+H",169.07605,1191
"1-hydroxyphenazine M+H",171.899658,169
"1-hydroxyphenazine M+H",174.041779,127
"1-hydroxyphenazine M+H",178.163376,122
"1-hydroxyphenazine M+H",178.548889,139
"1-hydroxyphenazine M+H",179.058823,206
"1-hydroxyphenazine M+H",179.060303,3019
"1-hydroxyphenazine M+H",179.114227,133
"1-hydroxyphenazine M+H",179.405991,128
"1-hydroxyphenazine M+H",180.043655,107
"1-hydroxyphenazine M+H",182.426086,164
"1-hydroxyphenazine M+H",183.178101,131
"1-hydroxyphenazine M+H",183.221252,126
"1-hydroxyphenazine M+H",184.257675,125
"1-hydroxyphenazine M+H",184.750824,112
"1-hydroxyphenazine M+H",187.82457,148
"1-hydroxyphenazine M+H",187.903687,146
"1-hydroxyphenazine M+H",188.4655,156
"1-hydroxyphenazine M+H",189.898621,126
"1-hydroxyphenazine M+H",190.922501,141
"1-hydroxyphenazine M+H",191.13353,137
"1-hydroxyphenazine M+H",194.838593,137
"1-hydroxyphenazine M+H",195.401917,120
"1-hydroxyphenazine M+H",195.834137,119
"1-hydroxyphenazine M+H",196.048553,119
"1-hydroxyphenazine M+H",196.860077,122
"1-hydroxyphenazine M+H",202.61853,297
"1-hydroxyphenazine M+H",202.622055,129
"1-hydroxyphenazine M+H",205.463715,148
"1-hydroxyphenazine M+H",207.862106,107
"1-hydroxyphenazine M+H",208.412262,124
"1-hydroxyphenazine M+H",215.077087,127
"1-hydroxyphenazine M+H",215.131699,121
"1-hydroxyphenazine M+H",215.310974,135
"1-hydroxyphenazine M+H",215.606049,120
"1-hydroxyphenazine M+H",216.485947,148
"1-hydroxyphenazine M+H",218.026474,110
"1-hydroxyphenazine M+H",220.801041,123
"1-hydroxyphenazine M+H",221.603104,172
"1-hydroxyphenazine M+H",225.967377,109
"1-hydroxyphenazine M+H",226.671204,119
"1-hydroxyphenazine M+H",228.616425,193
"1-hydroxyphenazine M+H",229.504501,127
"1-hydroxyphenazine M+H",232.88739,130
"1-hydroxyphenazine M+H",239.84343,131
"1-hydroxyphenazine M+H",240.563217,169
"1-hydroxyphenazine M+H",241.429062,110
"1-hydroxyphenazine M+H",242.503418,144
"1-hydroxyphenazine M+H",243.885071,129
"1-hydroxyphenazine M+H",245.682678,118
"1-hydroxyphenazine M+H",246.75676,112
"1-hydroxyphenazine M+H",249.319656,151
"1-hydroxyphenazine M+H",254.380066,105
"1-hydroxyphenazine M+H",259.739075,111
"1-hydroxyphenazine M+H",263.540771,116
"1-hydroxyphenazine M+H",264.00412,139
"1-hydroxyphenazine M+H",264.184387,167
"1-hydroxyphenazine M+H",267.250397,113
"1-hydroxyphenazine M+H",267.547882,110
"1-hydroxyphenazine M+H",269.853882,112
"1-hydroxyphenazine M+H",269.938904,163
"1-hydroxyphenazine M+H",274.840515,121
"1-hydroxyphenazine M+H",275.737457,109
"1-hydroxyphenazine M+H",276.722565,150
"1-hydroxyphenazine M+H",280.515228,123
"1-hydroxyphenazine M+H",281.896942,198
"1-hydroxyphenazine M+H",282.422394,113
"1-hydroxyphenazine M+H",283.189697,115
"1-hydroxyphenazine M+H",283.445862,116
"1-hydroxyphenazine M+H",283.530121,128
"1-hydroxyphenazine M+H",290.668243,114
"1-hydroxyphenazine M+H",291.83667,116
"1-hydroxyphenazine M+H",294.22876,127
"1-hydroxyphenazine M+H",297.172516,146
"1-hydroxyphenazine M+H",297.330963,126
"1-hydroxyphenazine M+H",301.27832,106
"1-hydroxyphenazine M+H",302.830994,126
"1-hydroxyphenazine M+H",305.852173,171
"1-hydroxyphenazine M+H",313.422516,104
"1-hydroxyphenazine M+H",314.62149,119
"1-hydroxyphenazine M+H",319.88382,168
"1-hydroxyphenazine M+H",331.339539,136
"1-hydroxyphenazine M+H",332.172638,123
"1-hydroxyphenazine M+H",333.155548,110
"1-hydroxyphenazine M+H",337.169922,132
"1-hydroxyphenazine M+H",339.009644,121
"1-hydroxyphenazine M+H",342.038086,147
"1-hydroxyphenazine M+H",342.839874,160
"1-hydroxyphenazine M+H",342.951538,162
"1-hydroxyphenazine M+H",345.862488,193
"1-hydroxyphenazine M+H",347.435242,108
"1-hydroxyphenazine M+H",347.931824,117
"1-hydroxyphenazine M+H",348.810455,112
"1-hydroxyphenazine M+H",351.311188,159
"1-hydroxyphenazine M+H",352.576294,137
"1-hydroxyphenazine M+H",359.160797,135
"1-hydroxyphenazine M+H",360.239136,117
"1-hydroxyphenazine M+H",366.030396,115
"1-hydroxyphenazine M+H",368.8703,224
"1-hydroxyphenazine M+H",369.92749,144
"1-hydroxyphenazine M+H",371.476929,134
"1-hydroxyphenazine M+H",372.391785,142
"1-hydroxyphenazine M+H",372.994415,122
"1-hydroxyphenazine M+H",373.338745,131
"1-hydroxyphenazine M+H",374.186157,156
"1-hydroxyphenazine M+H",375.671021,228
"1-hydroxyphenazine M+H",375.979279,119
"1-hydroxyphenazine M+H",379.14212,128
"1-hydroxyphenazine M+H",379.987549,153
"1-hydroxyphenazine M+H",382.558258,144
"1-hydroxyphenazine M+H",382.803528,129
"1-hydroxyphenazine M+H",383.450043,132
"1-hydroxyphenazine M+H",389.452576,115
"1-hydroxyphenazine M+H",392.993744,140
"1-hydroxyphenazine M+H",395.149139,146
"1-hydroxyphenazine M+H",397.697113,121
"2-nonyl-3-hydroxy 4(1H)-quinolone ! 4-hydroxy-2-nonylquinoline N-oxide M+H",116.195061,10630.625
"2-nonyl-3-hydroxy 4(1H)-quinolone ! 4-hydroxy-2-nonylquinoline N-oxide M+H",120.181335,22297.009766
"2-nonyl-3-hydroxy 4(1H)-quinolone ! 4-hydroxy-2-nonylquinoline N-oxide M+H",130.173737,7235.63916
"2-nonyl-3-hydroxy 4(1H)-quinolone ! 4-hydroxy-2-nonylquinoline N-oxide M+H",144.108841,128807.4375
"2-nonyl-3-hydroxy 4(1H)-quinolone ! 4-hydroxy-2-nonylquinoline N-oxide M+H",146.130066,5863.755859
"2-nonyl-3-hydroxy 4(1H)-quinolone ! 4-hydroxy-2-nonylquinoline N-oxide M+H",147.134537,5171.110352
"2-nonyl-3-hydroxy 4(1H)-quinolone ! 4-hydroxy-2-nonylquinoline N-oxide M+H",158.132278,8804.77832
"2-nonyl-3-hydroxy 4(1H)-quinolone ! 4-hydroxy-2-nonylquinoline N-oxide M+H",159.107529,304007.9375
"2-nonyl-3-hydroxy 4(1H)-quinolone ! 4-hydroxy-2-nonylquinoline N-oxide M+H",160.108627,23901.517578
"2-nonyl-3-hydroxy 4(1H)-quinolone ! 4-hydroxy-2-nonylquinoline N-oxide M+H",161.128906,5512.455078
"2-nonyl-3-hydroxy 4(1H)-quinolone ! 4-hydroxy-2-nonylquinoline N-oxide M+H",162.089081,496732.9375
"2-nonyl-3-hydroxy 4(1H)-quinolone ! 4-hydroxy-2-nonylquinoline N-oxide M+H",162.949692,6354.076172
"2-nonyl-3-hydroxy 4(1H)-quinolone ! 4-hydroxy-2-nonylquinoline N-oxide M+H",172.092606,128183.3125
"2-nonyl-3-hydroxy 4(1H)-quinolone ! 4-hydroxy-2-nonylquinoline N-oxide M+H",173.100159,13944.009766
"2-nonyl-3-hydroxy 4(1H)-quinolone ! 4-hydroxy-2-nonylquinoline N-oxide M+H",174.10907,6858.627441
"2-nonyl-3-hydroxy 4(1H)-quinolone ! 4-hydroxy-2-nonylquinoline N-oxide M+H",175.0625,120759.914062
"2-nonyl-3-hydroxy 4(1H)-quinolone ! 4-hydroxy-2-nonylquinoline N-oxide M+H",176.058945,12896.508789
"2-nonyl-3-hydroxy 4(1H)-quinolone ! 4-hydroxy-2-nonylquinoline N-oxide M+H",185.094467,6005.77832
"2-nonyl-3-hydroxy 4(1H)-quinolone ! 4-hydroxy-2-nonylquinoline N-oxide M+H",186.07132,30265.320312
"2-nonyl-3-hydroxy 4(1H)-quinolone ! 4-hydroxy-2-nonylquinoline N-oxide M+H",188.064423,15773.273438
"2-nonyl-3-hydroxy 4(1H)-quinolone ! 4-hydroxy-2-nonylquinoline N-oxide M+H",189.063675,5331.445801
"2-nonyl-3-hydroxy 4(1H)-quinolone ! 4-hydroxy-2-nonylquinoline N-oxide M+H",190.067459,6516.115234
"2-nonyl-3-hydroxy 4(1H)-quinolone ! 4-hydroxy-2-nonylquinoline N-oxide M+H",198.061951,5099.634766
"2-nonyl-3-hydroxy 4(1H)-quinolone ! 4-hydroxy-2-nonylquinoline N-oxide M+H",199.08049,5319.072266
"2-nonyl-3-hydroxy 4(1H)-quinolone ! 4-hydroxy-2-nonylquinoline N-oxide M+H",200.068115,15729.483398
"2-nonyl-3-hydroxy 4(1H)-quinolone ! 4-hydroxy-2-nonylquinoline N-oxide M+H",214.053009,15809.948242
"2-nonyl-3-hydroxy 4(1H)-quinolone ! 4-hydroxy-2-nonylquinoline N-oxide M+H",228.050858,16956.613281
"2-nonyl-3-hydroxy 4(1H)-quinolone ! 4-hydroxy-2-nonylquinoline N-oxide M+H",242.057632,7592.760254
"2-nonyl-3-hydroxy 4(1H)-quinolone ! 4-hydroxy-2-nonylquinoline N-oxide M+H",260.077576,6273.567383
"2-nonyl-3-hydroxy 4(1H)-quinolone ! 4-hydroxy-2-nonylquinoline N-oxide M+H",270.056305,208949.578125
"2-nonyl-3-hydroxy 4(1H)-quinolone ! 4-hydroxy-2-nonylquinoline N-oxide M+H",288.038971,88845.757812
"2-nonenyl 4-quinolone M+H",70.190079,1181
"2-nonenyl 4-quinolone M+H",70.219849,986
"2-nonenyl 4-quinolone M+H",70.56562,1200
"2-nonenyl 4-quinolone M+H",71.131401,1361
"2-nonenyl 4-quinolone M+H",71.184052,966
"2-nonenyl 4-quinolone M+H",71.230591,942
"2-nonenyl 4-quinolone M+H",71.44767,1036
"2-nonenyl 4-quinolone M+H",71.726028,917
"2-nonenyl 4-quinolone M+H",71.874809,1517
"2-nonenyl 4-quinolone M+H",72.304688,1394
"2-nonenyl 4-quinolone M+H",72.566093,1380
"2-nonenyl 4-quinolone M+H",73.213074,942
"2-nonenyl 4-quinolone M+H",73.903839,1079
"2-nonenyl 4-quinolone M+H",74.279259,1146
"2-nonenyl 4-quinolone M+H",74.639671,979
"2-nonenyl 4-quinolone M+H",75.146561,1103
"2-nonenyl 4-quinolone M+H",75.36187,1026
"2-nonenyl 4-quinolone M+H",76.664925,986
"2-nonenyl 4-quinolone M+H",76.862732,1083
"2-nonenyl 4-quinolone M+H",77.00264,1107
"2-nonenyl 4-quinolone M+H",77.879471,979
"2-nonenyl 4-quinolone M+H",77.938141,1305
"2-nonenyl 4-quinolone M+H",78.205444,985
"2-nonenyl 4-quinolone M+H",78.561859,981
"2-nonenyl 4-quinolone M+H",78.813835,999
"2-nonenyl 4-quinolone M+H",79.058945,990
"2-nonenyl 4-quinolone M+H",79.558235,1298
"2-nonenyl 4-quinolone M+H",79.760834,1298
"2-nonenyl 4-quinolone M+H",79.949196,1224
"2-nonenyl 4-quinolone M+H",80.113312,1129
"2-nonenyl 4-quinolone M+H",80.203468,938
"2-nonenyl 4-quinolone M+H",80.220901,1252
"2-nonenyl 4-quinolone M+H",80.648041,983
"2-nonenyl 4-quinolone M+H",80.750542,1428
"2-nonenyl 4-quinolone M+H",80.94751,1058
"2-nonenyl 4-quinolone M+H",81.153297,921
"2-nonenyl 4-quinolone M+H",81.722565,1057
"2-nonenyl 4-quinolone M+H",82.35775,998
"2-nonenyl 4-quinolone M+H",82.576584,1147
"2-nonenyl 4-quinolone M+H",82.703659,1035
"2-nonenyl 4-quinolone M+H",82.785683,929
"2-nonenyl 4-quinolone M+H",82.979637,1142
"2-nonenyl 4-quinolone M+H",83.128365,1306
"2-nonenyl 4-quinolone M+H",84.176918,1262
"2-nonenyl 4-quinolone M+H",84.545097,959
"2-nonenyl 4-quinolone M+H",84.693207,1033
"2-nonenyl 4-quinolone M+H",85.205276,937
"2-nonenyl 4-quinolone M+H",85.564804,920
"2-nonenyl 4-quinolone M+H",86.225723,907
"2-nonenyl 4-quinolone M+H",86.443542,1036
"2-nonenyl 4-quinolone M+H",86.450043,998
"2-nonenyl 4-quinolone M+H",86.48214,1076
"2-nonenyl 4-quinolone M+H",86.512924,2370
"2-nonenyl 4-quinolone M+H",87.810555,1086
"2-nonenyl 4-quinolone M+H",87.810661,1103
"2-nonenyl 4-quinolone M+H",87.81076,1111
"2-nonenyl 4-quinolone M+H",88.074142,973
"2-nonenyl 4-quinolone M+H",88.270683,1056
"2-nonenyl 4-quinolone M+H",88.652924,1252
"2-nonenyl 4-quinolone M+H",88.653183,1129
"2-nonenyl 4-quinolone M+H",88.807304,1098
"2-nonenyl 4-quinolone M+H",89.067558,1052
"2-nonenyl 4-quinolone M+H",89.164116,1128
"2-nonenyl 4-quinolone M+H",89.300568,912
"2-nonenyl 4-quinolone M+H",89.330292,1263
"2-nonenyl 4-quinolone M+H",90.384285,922
"2-nonenyl 4-quinolone M+H",90.422112,1182
"2-nonenyl 4-quinolone M+H",90.495705,1255
"2-nonenyl 4-quinolone M+H",90.9907,946
"2-nonenyl 4-quinolone M+H",91.690323,909
"2-nonenyl 4-quinolone M+H",91.978874,1444
"2-nonenyl 4-quinolone M+H",92.455597,1409
"2-nonenyl 4-quinolone M+H",92.834381,1036
"2-nonenyl 4-quinolone M+H",93.604912,1184
"2-nonenyl 4-quinolone M+H",93.975891,1109
"2-nonenyl 4-quinolone M+H",94.166573,982
"2-nonenyl 4-quinolone M+H",94.588608,907
"2-nonenyl 4-quinolone M+H",95.404144,941
"2-nonenyl 4-quinolone M+H",96.262451,1093
"2-nonenyl 4-quinolone M+H",96.953087,1061
"2-nonenyl 4-quinolone M+H",97.13652,1629
"2-nonenyl 4-quinolone M+H",97.14225,1068
"2-nonenyl 4-quinolone M+H",97.724442,934
"2-nonenyl 4-quinolone M+H",98.003113,1166
"2-nonenyl 4-quinolone M+H",98.152359,979
"2-nonenyl 4-quinolone M+H",98.212357,2648
"2-nonenyl 4-quinolone M+H",98.328758,960
"2-nonenyl 4-quinolone M+H",98.649963,1262
"2-nonenyl 4-quinolone M+H",98.829956,1007
"2-nonenyl 4-quinolone M+H",99.018372,1062
"2-nonenyl 4-quinolone M+H",99.103195,1006
"2-nonenyl 4-quinolone M+H",99.738251,1037
"2-nonenyl 4-quinolone M+H",99.833061,1242
"2-nonenyl 4-quinolone M+H",100.145859,1050
"2-nonenyl 4-quinolone M+H",100.863167,983
"2-nonenyl 4-quinolone M+H",100.916992,922
"2-nonenyl 4-quinolone M+H",100.987617,1163
"2-nonenyl 4-quinolone M+H",101.138741,1131
"2-nonenyl 4-quinolone M+H",101.489807,919
"2-nonenyl 4-quinolone M+H",102.302071,1326
"2-nonenyl 4-quinolone M+H",102.425812,951
"2-nonenyl 4-quinolone M+H",103.209984,986
"2-nonenyl 4-quinolone M+H",103.361778,932
"2-nonenyl 4-quinolone M+H",103.465431,907
"2-nonenyl 4-quinolone M+H",103.875671,1004
"2-nonenyl 4-quinolone M+H",104.124352,1036
"2-nonenyl 4-quinolone M+H",104.840256,1067
"2-nonenyl 4-quinolone M+H",105.325531,982
"2-nonenyl 4-quinolone M+H",106.431732,986
"2-nonenyl 4-quinolone M+H",106.584625,909
"2-nonenyl 4-quinolone M+H",107.010963,1022
"2-nonenyl 4-quinolone M+H",107.345207,1292
"2-nonenyl 4-quinolone M+H",107.420326,926
"2-nonenyl 4-quinolone M+H",107.670158,1142
"2-nonenyl 4-quinolone M+H",107.817505,1265
"2-nonenyl 4-quinolone M+H",107.952271,959
"2-nonenyl 4-quinolone M+H",108.648605,921
"2-nonenyl 4-quinolone M+H",108.67897,921
"2-nonenyl 4-quinolone M+H",108.930077,1002
"2-nonenyl 4-quinolone M+H",108.975243,1252
"2-nonenyl 4-quinolone M+H",109.280617,1310
"2-nonenyl 4-quinolone M+H",110.170036,931
"2-nonenyl 4-quinolone M+H",110.710312,1052
"2-nonenyl 4-quinolone M+H",111.96019,1207
"2-nonenyl 4-quinolone M+H",111.97863,1139
"2-nonenyl 4-quinolone M+H",112.123253,950
"2-nonenyl 4-quinolone M+H",112.314148,1045
"2-nonenyl 4-quinolone M+H",112.784302,1074
"2-nonenyl 4-quinolone M+H",113.269829,1141
"2-nonenyl 4-quinolone M+H",113.348724,1011
"2-nonenyl 4-quinolone M+H",113.383133,1541
"2-nonenyl 4-quinolone M+H",115.205345,913
"2-nonenyl 4-quinolone M+H",115.756592,944
"2-nonenyl 4-quinolone M+H",115.979752,913
"2-nonenyl 4-quinolone M+H",116.08593,1156
"2-nonenyl 4-quinolone M+H",116.991898,1494
"2-nonenyl 4-quinolone M+H",117.03595,945
"2-nonenyl 4-quinolone M+H",117.187698,1672
"2-nonenyl 4-quinolone M+H",117.22438,1259
"2-nonenyl 4-quinolone M+H",118.157669,926
"2-nonenyl 4-quinolone M+H",118.860893,926
"2-nonenyl 4-quinolone M+H",119.005463,979
"2-nonenyl 4-quinolone M+H",119.328308,958
"2-nonenyl 4-quinolone M+H",119.558685,1023
"2-nonenyl 4-quinolone M+H",120.134499,1165
"2-nonenyl 4-quinolone M+H",120.416832,1227
"2-nonenyl 4-quinolone M+H",120.804527,1034
"2-nonenyl 4-quinolone M+H",120.93631,933
"2-nonenyl 4-quinolone M+H",121.65271,1013
"2-nonenyl 4-quinolone M+H",121.840355,1205
"2-nonenyl 4-quinolone M+H",121.855331,1232
"2-nonenyl 4-quinolone M+H",121.951355,1119
"2-nonenyl 4-quinolone M+H",122.390091,929
"2-nonenyl 4-quinolone M+H",122.665382,939
"2-nonenyl 4-quinolone M+H",122.79837,1328
"2-nonenyl 4-quinolone M+H",122.79847,1328
"2-nonenyl 4-quinolone M+H",123.030075,1019
"2-nonenyl 4-quinolone M+H",123.45752,952
"2-nonenyl 4-quinolone M+H",124.3489,989
"2-nonenyl 4-quinolone M+H",124.644249,1163
"2-nonenyl 4-quinolone M+H",126.06031,1054
"2-nonenyl 4-quinolone M+H",126.118065,923
"2-nonenyl 4-quinolone M+H",126.597702,938
"2-nonenyl 4-quinolone M+H",126.622856,1125
"2-nonenyl 4-quinolone M+H",126.980026,1176
"2-nonenyl 4-quinolone M+H",127.495293,1471
"2-nonenyl 4-quinolone M+H",127.638107,1074
"2-nonenyl 4-quinolone M+H",128.663773,1059
"2-nonenyl 4-quinolone M+H",129.655151,1013
"2-nonenyl 4-quinolone M+H",130.560913,1138
"2-nonenyl 4-quinolone M+H",131.131561,1012
"2-nonenyl 4-quinolone M+H",131.285141,1297
"2-nonenyl 4-quinolone M+H",132.315308,963
"2-nonenyl 4-quinolone M+H",132.535004,952
"2-nonenyl 4-quinolone M+H",133.075302,963
"2-nonenyl 4-quinolone M+H",133.378647,1180
"2-nonenyl 4-quinolone M+H",133.892395,1228
"2-nonenyl 4-quinolone M+H",134.172653,1156
"2-nonenyl 4-quinolone M+H",134.295151,961
"2-nonenyl 4-quinolone M+H",134.810608,986
"2-nonenyl 4-quinolone M+H",134.905212,1186
"2-nonenyl 4-quinolone M+H",135.072586,1805
"2-nonenyl 4-quinolone M+H",135.109406,956
"2-nonenyl 4-quinolone M+H",135.924103,1222
"2-nonenyl 4-quinolone M+H",135.937988,1380
"2-nonenyl 4-quinolone M+H",137.924271,925
"2-nonenyl 4-quinolone M+H",138.047806,913
"2-nonenyl 4-quinolone M+H",138.683899,1133
"2-nonenyl 4-quinolone M+H",138.935837,987
"2-nonenyl 4-quinolone M+H",139.305542,918
"2-nonenyl 4-quinolone M+H",140.203278,1544
"2-nonenyl 4-quinolone M+H",141.783478,1081
"2-nonenyl 4-quinolone M+H",145.672363,1125
"2-nonenyl 4-quinolone M+H",146.25267,941
"2-nonenyl 4-quinolone M+H",146.645523,1414
"2-nonenyl 4-quinolone M+H",146.646378,1097
"2-nonenyl 4-quinolone M+H",147.487061,1001
"2-nonenyl 4-quinolone M+H",148.861603,912
"2-nonenyl 4-quinolone M+H",149.318146,1134
"2-nonenyl 4-quinolone M+H",149.553284,930
"2-nonenyl 4-quinolone M+H",149.728256,968
"2-nonenyl 4-quinolone M+H",150.187454,1041
"2-nonenyl 4-quinolone M+H",151.310959,1322
"2-nonenyl 4-quinolone M+H",154.54158,1050
"2-nonenyl 4-quinolone M+H",156.836044,1013
"2-nonenyl 4-quinolone M+H",157.057251,1583
"2-nonenyl 4-quinolone M+H",158.055359,1185
"2-nonenyl 4-quinolone M+H",158.558853,1502
"2-nonenyl 4-quinolone M+H",158.846664,1567
"2-nonenyl 4-quinolone M+H",158.847488,966
"2-nonenyl 4-quinolone M+H",159.067917,12874
"2-nonenyl 4-quinolone M+H",159.28743,1085
"2-nonenyl 4-quinolone M+H",159.834534,944
"2-nonenyl 4-quinolone M+H",160.075775,2202
"2-nonenyl 4-quinolone M+H",161.743683,1220
"2-nonenyl 4-quinolone M+H",161.800629,1159
"2-nonenyl 4-quinolone M+H",162.089233,1312
"2-nonenyl 4-quinolone M+H",163.345322,1342
"2-nonenyl 4-quinolone M+H",163.628708,1176
"2-nonenyl 4-quinolone M+H",164.599213,1139
"2-nonenyl 4-quinolone M+H",165.394775,1048
"2-nonenyl 4-quinolone M+H",165.874512,1855
"2-nonenyl 4-quinolone M+H",166.158737,1136
"2-nonenyl 4-quinolone M+H",166.549042,1290
"2-nonenyl 4-quinolone M+H",169.249268,1099
"2-nonenyl 4-quinolone M+H",169.615158,1102
"2-nonenyl 4-quinolone M+H",169.751083,993
"2-nonenyl 4-quinolone M+H",171.40773,1000
"2-nonenyl 4-quinolone M+H",171.843369,1078
"2-nonenyl 4-quinolone M+H",172.074203,7200
"2-nonenyl 4-quinolone M+H",172.075775,47990
"2-nonenyl 4-quinolone M+H",172.644821,1018
"2-nonenyl 4-quinolone M+H",172.942871,960
"2-nonenyl 4-quinolone M+H",173.083405,7261
"2-nonenyl 4-quinolone M+H",174.289581,1100
"2-nonenyl 4-quinolone M+H",174.496323,1197
"2-nonenyl 4-quinolone M+H",175.941895,953
"2-nonenyl 4-quinolone M+H",175.996826,1529
"2-nonenyl 4-quinolone M+H",179.479874,908
"2-nonenyl 4-quinolone M+H",179.799896,1144
"2-nonenyl 4-quinolone M+H",180.086624,1172
"2-nonenyl 4-quinolone M+H",180.188034,995
"2-nonenyl 4-quinolone M+H",181.12088,959
"2-nonenyl 4-quinolone M+H",181.185577,1025
"2-nonenyl 4-quinolone M+H",183.582977,1202
"2-nonenyl 4-quinolone M+H",184.054199,1189
"2-nonenyl 4-quinolone M+H",184.075638,17222
"2-nonenyl 4-quinolone M+H",184.750137,993
"2-nonenyl 4-quinolone M+H",185.082016,7392
"2-nonenyl 4-quinolone M+H",185.083603,40145
"2-nonenyl 4-quinolone M+H",185.72139,1273
"2-nonenyl 4-quinolone M+H",185.833359,938
"2-nonenyl 4-quinolone M+H",186.051758,1160
"2-nonenyl 4-quinolone M+H",186.089645,1870
"2-nonenyl 4-quinolone M+H",186.091248,32620
"2-nonenyl 4-quinolone M+H",186.136017,915
"2-nonenyl 4-quinolone M+H",186.209152,1361
"2-nonenyl 4-quinolone M+H",189.252167,1011
"2-nonenyl 4-quinolone M+H",191.179062,1402
"2-nonenyl 4-quinolone M+H",192.588333,1541
"2-nonenyl 4-quinolone M+H",193.230484,1082
"2-nonenyl 4-quinolone M+H",193.435532,1290
"2-nonenyl 4-quinolone M+H",193.563416,941
"2-nonenyl 4-quinolone M+H",194.543427,994
"2-nonenyl 4-quinolone M+H",195.517548,1070
"2-nonenyl 4-quinolone M+H",196.10051,996
"2-nonenyl 4-quinolone M+H",197.794617,945
"2-nonenyl 4-quinolone M+H",197.912827,1079
"2-nonenyl 4-quinolone M+H",198.091446,961
"2-nonenyl 4-quinolone M+H",198.207947,932
"2-nonenyl 4-quinolone M+H",198.344559,923
"2-nonenyl 4-quinolone M+H",200.106857,5444
"2-nonenyl 4-quinolone M+H",200.800476,1072
"2-nonenyl 4-quinolone M+H",200.842224,1085
"2-nonenyl 4-quinolone M+H",201.03418,943
"2-nonenyl 4-quinolone M+H",201.197937,1007
"2-nonenyl 4-quinolone M+H",201.212616,1406
"2-nonenyl 4-quinolone M+H",202.383575,1251
"2-nonenyl 4-quinolone M+H",202.596069,2009
"2-nonenyl 4-quinolone M+H",202.597961,5443
"2-nonenyl 4-quinolone M+H",202.784882,927
"2-nonenyl 4-quinolone M+H",205.91423,1082
"2-nonenyl 4-quinolone M+H",205.958969,955
"2-nonenyl 4-quinolone M+H",206.802063,1070
"2-nonenyl 4-quinolone M+H",206.952469,961
"2-nonenyl 4-quinolone M+H",207.938766,1099
"2-nonenyl 4-quinolone M+H",208.848495,928
"2-nonenyl 4-quinolone M+H",210.638184,960
"2-nonenyl 4-quinolone M+H",211.010086,928
"2-nonenyl 4-quinolone M+H",211.369171,1194
"2-nonenyl 4-quinolone M+H",211.436935,1069
"2-nonenyl 4-quinolone M+H",212.018646,1164
"2-nonenyl 4-quinolone M+H",212.602371,1231
"2-nonenyl 4-quinolone M+H",212.868546,913
"2-nonenyl 4-quinolone M+H",213.287064,1840
"2-nonenyl 4-quinolone M+H",213.603683,923
"2-nonenyl 4-quinolone M+H",214.122391,4584
"2-nonenyl 4-quinolone M+H",214.524918,1109
"2-nonenyl 4-quinolone M+H",214.763687,920
"2-nonenyl 4-quinolone M+H",216.04187,1015
"2-nonenyl 4-quinolone M+H",217.451279,958
"2-nonenyl 4-quinolone M+H",217.572311,980
"2-nonenyl 4-quinolone M+H",217.815109,1159
"2-nonenyl 4-quinolone M+H",218.791733,1083
"2-nonenyl 4-quinolone M+H",218.905106,1541
"2-nonenyl 4-quinolone M+H",219.64505,1388
"2-nonenyl 4-quinolone M+H",220.277985,955
"2-nonenyl 4-quinolone M+H",220.646851,1566
"2-nonenyl 4-quinolone M+H",221.757004,926
"2-nonenyl 4-quinolone M+H",221.873795,1018
"2-nonenyl 4-quinolone M+H",222.941956,1164
"2-nonenyl 4-quinolone M+H",223.871964,1119
"2-nonenyl 4-quinolone M+H",225.171249,1363
"2-nonenyl 4-quinolone M+H",226.502945,1672
"2-nonenyl 4-quinolone M+H",227.080841,1107
"2-nonenyl 4-quinolone M+H",227.730743,1014
"2-nonenyl 4-quinolone M+H",228.138397,1083
"2-nonenyl 4-quinolone M+H",228.174789,4404
"2-nonenyl 4-quinolone M+H",228.688477,1146
"2-nonenyl 4-quinolone M+H",231.203125,1195
"2-nonenyl 4-quinolone M+H",232.484344,925
"2-nonenyl 4-quinolone M+H",232.589157,1197
"2-nonenyl 4-quinolone M+H",234.017914,1101
"2-nonenyl 4-quinolone M+H",235.756042,1105
"2-nonenyl 4-quinolone M+H",237.475937,920
"2-nonenyl 4-quinolone M+H",238.268372,943
"2-nonenyl 4-quinolone M+H",239.310181,1121
"2-nonenyl 4-quinolone M+H",239.436371,933
"2-nonenyl 4-quinolone M+H",240.478531,1052
"2-nonenyl 4-quinolone M+H",240.636108,1105
"2-nonenyl 4-quinolone M+H",241.121231,940
"2-nonenyl 4-quinolone M+H",241.264297,1146
"2-nonenyl 4-quinolone M+H",241.557114,1507
"2-nonenyl 4-quinolone M+H",241.56366,1447
"2-nonenyl 4-quinolone M+H",241.772766,982
"2-nonenyl 4-quinolone M+H",241.837143,1021
"2-nonenyl 4-quinolone M+H",243.780396,1240
"2-nonenyl 4-quinolone M+H",244.690918,1093
"2-nonenyl 4-quinolone M+H",244.902313,1081
"2-nonenyl 4-quinolone M+H",247.075546,1059
"2-nonenyl 4-quinolone M+H",248.910461,942
"2-nonenyl 4-quinolone M+H",249.04126,2136
"2-nonenyl 4-quinolone M+H",251.620758,1954
"2-nonenyl 4-quinolone M+H",253.470261,1005
"2-nonenyl 4-quinolone M+H",253.627518,1121
"2-nonenyl 4-quinolone M+H",253.859741,1200
"2-nonenyl 4-quinolone M+H",253.94603,1464
"2-nonenyl 4-quinolone M+H",254.08728,1089
"2-nonenyl 4-quinolone M+H",254.562378,1012
"2-nonenyl 4-quinolone M+H",254.935089,912
"2-nonenyl 4-quinolone M+H",257.17395,1084
"2-nonenyl 4-quinolone M+H",257.710602,1223
"2-nonenyl 4-quinolone M+H",258.367371,1584
"2-nonenyl 4-quinolone M+H",258.827271,1171
"2-nonenyl 4-quinolone M+H",259.128876,961
"2-nonenyl 4-quinolone M+H",259.468018,982
"2-nonenyl 4-quinolone M+H",259.79071,943
"2-nonenyl 4-quinolone M+H",264.48941,1836
"2-nonenyl 4-quinolone M+H",265.020447,1071
"2-nonenyl 4-quinolone M+H",265.829163,1275
"2-nonenyl 4-quinolone M+H",265.889771,1634
"2-nonenyl 4-quinolone M+H",269.766541,938
"2-nonenyl 4-quinolone M+H",270.051849,1020
"2-nonenyl 4-quinolone M+H",270.18512,4238
"2-nonenyl 4-quinolone M+H",271.422485,1079
"2-nonenyl 4-quinolone M+H",274.215363,1063
"2-nonenyl 4-quinolone M+H",276.656921,1006
"2-nonenyl 4-quinolone M+H",277.104279,949
"2-nonenyl 4-quinolone M+H",278.422363,983
"2-nonenyl 4-quinolone M+H",283.742828,1497
"2-nonenyl 4-quinolone M+H",286.496277,1238
"2-nonenyl 4-quinolone M+H",288.512848,1792
"2-nonenyl 4-quinolone M+H",289.594269,1171
"2-nonenyl 4-quinolone M+H",292.297333,1142
"2-nonenyl 4-quinolone M+H",292.451782,1809
"2-nonenyl 4-quinolone M+H",293.325104,929
"2-nonenyl 4-quinolone M+H",293.472656,1719
"2-nonenyl 4-quinolone M+H",295.165009,1002
"2-nonenyl 4-quinolone M+H",296.905487,1465
"2-nonenyl 4-quinolone M+H",297.865295,1591
"2-nonenyl 4-quinolone M+H",297.872894,1342
"2-nonenyl 4-quinolone M+H",298.668335,1190
"2-nonenyl 4-quinolone M+H",301.481934,1038
"2-nonenyl 4-quinolone M+H",302.036102,1264
"2-nonenyl 4-quinolone M+H",302.093262,1109
"2-nonenyl 4-quinolone M+H",302.380585,938
"2-nonenyl 4-quinolone M+H",304.03241,976
"2-nonenyl 4-quinolone M+H",304.476746,1001
"2-nonenyl 4-quinolone M+H",304.662079,1192
"2-nonenyl 4-quinolone M+H",305.221252,954
"2-nonenyl 4-quinolone M+H",307.410736,930
"2-nonenyl 4-quinolone M+H",308.103333,990
"2-nonenyl 4-quinolone M+H",310.093353,933
"2-nonenyl 4-quinolone M+H",310.722321,1284
"2-nonenyl 4-quinolone M+H",313.148132,1026
"2-nonenyl 4-quinolone M+H",314.102142,1079
"2-nonenyl 4-quinolone M+H",320.080261,1058
"2-nonenyl 4-quinolone M+H",325.033752,1261
"2-nonenyl 4-quinolone M+H",328.392975,915
"2-nonenyl 4-quinolone M+H",331.197723,1669
"2-nonenyl 4-quinolone M+H",332.809723,1011
"2-nonenyl 4-quinolone M+H",333.067017,1078
"2-nonenyl 4-quinolone M+H",333.452942,1049
"2-nonenyl 4-quinolone M+H",339.787415,2284
"2-nonenyl 4-quinolone M+H",341.549713,1055
"2-nonenyl 4-quinolone M+H",343.448578,956
"2-nonenyl 4-quinolone M+H",343.819183,1104
"2-nonenyl 4-quinolone M+H",345.023743,1027
"2-nonenyl 4-quinolone M+H",347.721222,1325
"2-nonenyl 4-quinolone M+H",347.824097,971
"2-nonenyl 4-quinolone M+H",349.546875,1435
"2-nonenyl 4-quinolone M+H",351.780548,1420
"2-nonenyl 4-quinolone M+H",352.134216,1421
"2-nonenyl 4-quinolone M+H",354.123993,948
"2-nonenyl 4-quinolone M+H",354.413635,1243
"2-nonenyl 4-quinolone M+H",354.800018,907
"2-nonenyl 4-quinolone M+H",354.825745,1035
"2-nonenyl 4-quinolone M+H",354.997681,954
"2-nonenyl 4-quinolone M+H",355.705383,1131
"2-nonenyl 4-quinolone M+H",360.805634,1363
"2-nonenyl 4-quinolone M+H",361.079651,911
"2-nonenyl 4-quinolone M+H",361.103729,1161
"2-nonenyl 4-quinolone M+H",361.65741,916
"2-nonenyl 4-quinolone M+H",363.110352,950
"2-nonenyl 4-quinolone M+H",363.244293,1047
"2-nonenyl 4-quinolone M+H",365.110413,1458
"2-nonenyl 4-quinolone M+H",370.007812,1049
"2-nonenyl 4-quinolone M+H",373.504242,996
"2-nonenyl 4-quinolone M+H",373.666199,1142
"2-nonenyl 4-quinolone M+H",378.956421,998
"2-nonenyl 4-quinolone M+H",389.515564,1494
"2-nonenyl 4-quinolone M+H",389.742798,1024
"2-nonenyl 4-quinolone M+H",392.927551,1105
"2-nonenyl 4-quinolone M+H",393.037537,930
"2-nonenyl 4-quinolone M+H",396.83548,1363
"2-nonenyl 4-quinolone M+H",398.123047,992
"2-nonenyl 4-quinolone M+H",401.08374,1079
"2-nonenyl 4-quinolone M+H",407.248535,1635
"2-nonenyl 4-quinolone M+H",407.48053,1378
"2-nonenyl 4-quinolone M+H",407.61084,993
"2-nonenyl 4-quinolone M+H",409.099579,981
"2-nonenyl 4-quinolone M+H",410.242706,1168
"2-nonenyl 4-quinolone M+H",410.31485,981
"2-nonenyl 4-quinolone M+H",410.425903,1549
"2-nonenyl 4-quinolone M+H",410.603668,1616
"2-nonenyl 4-quinolone M+H",412.989746,1064
"2-nonenyl 4-quinolone M+H",414.019073,1059
"2-nonenyl 4-quinolone M+H",414.652954,1425
"2-nonenyl 4-quinolone M+H",416.741486,981
"2-nonenyl 4-quinolone M+H",417.092194,1100
"2-nonenyl 4-quinolone M+H",418.921722,1095
"2-nonenyl 4-quinolone M+H",421.024353,980
"2-nonenyl 4-quinolone M+H",421.04306,999
"2-nonenyl 4-quinolone M+H",422.356323,1116
"2-nonenyl 4-quinolone M+H",422.405731,1379
"2-nonenyl 4-quinolone M+H",423.75592,912
"2-nonenyl 4-quinolone M+H",427.262146,1065
"2-nonenyl 4-quinolone M+H",428.477692,926
"2-nonenyl 4-quinolone M+H",430.57489,1083
"2-nonenyl 4-quinolone M+H",433.584625,990
"2-nonenyl 4-quinolone M+H",434.923767,1200
"2-nonenyl 4-quinolone M+H",435.633362,1286
"2-nonenyl 4-quinolone M+H",436.549988,1293
"2-nonenyl 4-quinolone M+H",439.540924,1050
"2-nonenyl 4-quinolone M+H",439.543457,996
"2-nonenyl 4-quinolone M+H",442.351074,933
"2-nonenyl 4-quinolone M+H",446.614624,906
"2-nonenyl 4-quinolone M+H",447.989288,959
"2-nonenyl 4-quinolone M+H",450.730652,958
"2-nonenyl 4-quinolone M+H",451.475311,914
"2-nonenyl 4-quinolone M+H",451.586914,1124
"2-nonenyl 4-quinolone M+H",452.246735,2734
"2-nonenyl 4-quinolone M+H",452.667877,1081
"2-nonenyl 4-quinolone M+H",458.399261,936
"2-nonenyl 4-quinolone M+H",459.379547,1157
"2-nonenyl 4-quinolone M+H",461.560516,957
"2-nonenyl 4-quinolone M+H",461.955566,1165
"2-nonenyl 4-quinolone M+H",463.156128,946
"2-nonenyl 4-quinolone M+H",463.42218,1155
"2-nonenyl 4-quinolone M+H",465.092041,1335
"2-nonenyl 4-quinolone M+H",468.006958,1192
"2-nonenyl 4-quinolone M+H",470.068207,1080
"2-nonenyl 4-quinolone M+H",470.965942,910
"2-nonenyl 4-quinolone M+H",471.389008,954
"2-nonenyl 4-quinolone M+H",474.760834,1710
"2-nonenyl 4-quinolone M+H",476.251678,912
"2-nonenyl 4-quinolone M+H",481.173004,1129
"2-nonenyl 4-quinolone M+H",482.444946,1100
"2-nonenyl 4-quinolone M+H",482.968842,1237
"2-nonenyl 4-quinolone M+H",483.59256,1043
"2-nonenyl 4-quinolone M+H",484.888214,1312
"2-nonenyl 4-quinolone M+H",485.801483,1033
"2-nonenyl 4-quinolone M+H",486.033478,1289
"2-nonenyl 4-quinolone M+H",487.868988,1329
"2-nonenyl 4-quinolone M+H",488.345001,1032
"2-nonenyl 4-quinolone M+H",488.621887,1518
"2-nonenyl 4-quinolone M+H",489.973175,1010
"2-nonenyl 4-quinolone M+H",490.434265,1047
"2-nonenyl 4-quinolone M+H",492.712677,1090
"2-nonenyl 4-quinolone M+H",495.68219,1073
"2-nonenyl-3-hydroxy 4(1H)-quinolone ! 4-hydroxy-2-nonenylquinoline N-oxide M+H",75.640045,1156
"2-nonenyl-3-hydroxy 4(1H)-quinolone ! 4-hydroxy-2-nonenylquinoline N-oxide M+H",76.569588,1048
"2-nonenyl-3-hydroxy 4(1H)-quinolone ! 4-hydroxy-2-nonenylquinoline N-oxide M+H",76.712311,1084
"2-nonenyl-3-hydroxy 4(1H)-quinolone ! 4-hydroxy-2-nonenylquinoline N-oxide M+H",78.129417,1170
"2-nonenyl-3-hydroxy 4(1H)-quinolone ! 4-hydroxy-2-nonenylquinoline N-oxide M+H",78.664909,1211
"2-nonenyl-3-hydroxy 4(1H)-quinolone ! 4-hydroxy-2-nonenylquinoline N-oxide M+H",78.685974,1304
"2-nonenyl-3-hydroxy 4(1H)-quinolone ! 4-hydroxy-2-nonenylquinoline N-oxide M+H",79.550346,1350
"2-nonenyl-3-hydroxy 4(1H)-quinolone ! 4-hydroxy-2-nonenylquinoline N-oxide M+H",80.130455,1289
"2-nonenyl-3-hydroxy 4(1H)-quinolone ! 4-hydroxy-2-nonenylquinoline N-oxide M+H",80.185318,1078
"2-nonenyl-3-hydroxy 4(1H)-quinolone ! 4-hydroxy-2-nonenylquinoline N-oxide M+H",81.006744,1117
"2-nonenyl-3-hydroxy 4(1H)-quinolone ! 4-hydroxy-2-nonenylquinoline N-oxide M+H",81.868233,1057
"2-nonenyl-3-hydroxy 4(1H)-quinolone ! 4-hydroxy-2-nonenylquinoline N-oxide M+H",81.984978,1067
"2-nonenyl-3-hydroxy 4(1H)-quinolone ! 4-hydroxy-2-nonenylquinoline N-oxide M+H",82.621658,1134
"2-nonenyl-3-hydroxy 4(1H)-quinolone ! 4-hydroxy-2-nonenylquinoline N-oxide M+H",82.657364,1479
"2-nonenyl-3-hydroxy 4(1H)-quinolone ! 4-hydroxy-2-nonenylquinoline N-oxide M+H",82.792374,1162
"2-nonenyl-3-hydroxy 4(1H)-quinolone ! 4-hydroxy-2-nonenylquinoline N-oxide M+H",84.170097,1095
"2-nonenyl-3-hydroxy 4(1H)-quinolone ! 4-hydroxy-2-nonenylquinoline N-oxide M+H",84.750755,1186
"2-nonenyl-3-hydroxy 4(1H)-quinolone ! 4-hydroxy-2-nonenylquinoline N-oxide M+H",84.818771,1059
"2-nonenyl-3-hydroxy 4(1H)-quinolone ! 4-hydroxy-2-nonenylquinoline N-oxide M+H",85.873367,1554
"2-nonenyl-3-hydroxy 4(1H)-quinolone ! 4-hydroxy-2-nonenylquinoline N-oxide M+H",86.705223,1082
"2-nonenyl-3-hydroxy 4(1H)-quinolone ! 4-hydroxy-2-nonenylquinoline N-oxide M+H",87.262321,1180
"2-nonenyl-3-hydroxy 4(1H)-quinolone ! 4-hydroxy-2-nonenylquinoline N-oxide M+H",87.693573,1196
"2-nonenyl-3-hydroxy 4(1H)-quinolone ! 4-hydroxy-2-nonenylquinoline N-oxide M+H",89.167892,1079
"2-nonenyl-3-hydroxy 4(1H)-quinolone ! 4-hydroxy-2-nonenylquinoline N-oxide M+H",91.556259,1061
"2-nonenyl-3-hydroxy 4(1H)-quinolone ! 4-hydroxy-2-nonenylquinoline N-oxide M+H",92.126266,1211
"2-nonenyl-3-hydroxy 4(1H)-quinolone ! 4-hydroxy-2-nonenylquinoline N-oxide M+H",92.208549,1076
"2-nonenyl-3-hydroxy 4(1H)-quinolone ! 4-hydroxy-2-nonenylquinoline N-oxide M+H",92.649048,1139
"2-nonenyl-3-hydroxy 4(1H)-quinolone ! 4-hydroxy-2-nonenylquinoline N-oxide M+H",92.66954,1083
"2-nonenyl-3-hydroxy 4(1H)-quinolone ! 4-hydroxy-2-nonenylquinoline N-oxide M+H",93.098686,1048
"2-nonenyl-3-hydroxy 4(1H)-quinolone ! 4-hydroxy-2-nonenylquinoline N-oxide M+H",93.443367,1180
"2-nonenyl-3-hydroxy 4(1H)-quinolone ! 4-hydroxy-2-nonenylquinoline N-oxide M+H",94.074463,1050
"2-nonenyl-3-hydroxy 4(1H)-quinolone ! 4-hydroxy-2-nonenylquinoline N-oxide M+H",94.906586,1049
"2-nonenyl-3-hydroxy 4(1H)-quinolone ! 4-hydroxy-2-nonenylquinoline N-oxide M+H",97.01989,1245
"2-nonenyl-3-hydroxy 4(1H)-quinolone ! 4-hydroxy-2-nonenylquinoline N-oxide M+H",98.648994,1295
"2-nonenyl-3-hydroxy 4(1H)-quinolone ! 4-hydroxy-2-nonenylquinoline N-oxide M+H",100.405426,1423
"2-nonenyl-3-hydroxy 4(1H)-quinolone ! 4-hydroxy-2-nonenylquinoline N-oxide M+H",100.870148,1634
"2-nonenyl-3-hydroxy 4(1H)-quinolone ! 4-hydroxy-2-nonenylquinoline N-oxide M+H",101.459183,1064
"2-nonenyl-3-hydroxy 4(1H)-quinolone ! 4-hydroxy-2-nonenylquinoline N-oxide M+H",102.732689,1213
"2-nonenyl-3-hydroxy 4(1H)-quinolone ! 4-hydroxy-2-nonenylquinoline N-oxide M+H",104.519165,1203
"2-nonenyl-3-hydroxy 4(1H)-quinolone ! 4-hydroxy-2-nonenylquinoline N-oxide M+H",106.667229,1111
"2-nonenyl-3-hydroxy 4(1H)-quinolone ! 4-hydroxy-2-nonenylquinoline N-oxide M+H",108.924057,1099
"2-nonenyl-3-hydroxy 4(1H)-quinolone ! 4-hydroxy-2-nonenylquinoline N-oxide M+H",109.035568,1205
"2-nonenyl-3-hydroxy 4(1H)-quinolone ! 4-hydroxy-2-nonenylquinoline N-oxide M+H",110.663536,1051
"2-nonenyl-3-hydroxy 4(1H)-quinolone ! 4-hydroxy-2-nonenylquinoline N-oxide M+H",111.556252,1576
"2-nonenyl-3-hydroxy 4(1H)-quinolone ! 4-hydroxy-2-nonenylquinoline N-oxide M+H",112.984276,1244
"2-nonenyl-3-hydroxy 4(1H)-quinolone ! 4-hydroxy-2-nonenylquinoline N-oxide M+H",113.62455,1092
"2-nonenyl-3-hydroxy 4(1H)-quinolone ! 4-hydroxy-2-nonenylquinoline N-oxide M+H",115.025352,1138
"2-nonenyl-3-hydroxy 4(1H)-quinolone ! 4-hydroxy-2-nonenylquinoline N-oxide M+H",115.510788,1131
"2-nonenyl-3-hydroxy 4(1H)-quinolone ! 4-hydroxy-2-nonenylquinoline N-oxide M+H",115.561134,1409
"2-nonenyl-3-hydroxy 4(1H)-quinolone ! 4-hydroxy-2-nonenylquinoline N-oxide M+H",116.360069,1159
"2-nonenyl-3-hydroxy 4(1H)-quinolone ! 4-hydroxy-2-nonenylquinoline N-oxide M+H",120.151535,1145
"2-nonenyl-3-hydroxy 4(1H)-quinolone ! 4-hydroxy-2-nonenylquinoline N-oxide M+H",122.681854,1456
"2-nonenyl-3-hydroxy 4(1H)-quinolone ! 4-hydroxy-2-nonenylquinoline N-oxide M+H",122.848404,1114
"2-nonenyl-3-hydroxy 4(1H)-quinolone ! 4-hydroxy-2-nonenylquinoline N-oxide M+H",124.001801,1281
"2-nonenyl-3-hydroxy 4(1H)-quinolone ! 4-hydroxy-2-nonenylquinoline N-oxide M+H",124.805908,1153
"2-nonenyl-3-hydroxy 4(1H)-quinolone ! 4-hydroxy-2-nonenylquinoline N-oxide M+H",126.019875,1139
"2-nonenyl-3-hydroxy 4(1H)-quinolone ! 4-hydroxy-2-nonenylquinoline N-oxide M+H",126.65786,1099
"2-nonenyl-3-hydroxy 4(1H)-quinolone ! 4-hydroxy-2-nonenylquinoline N-oxide M+H",126.838043,1885
"2-nonenyl-3-hydroxy 4(1H)-quinolone ! 4-hydroxy-2-nonenylquinoline N-oxide M+H",127.992828,1103
"2-nonenyl-3-hydroxy 4(1H)-quinolone ! 4-hydroxy-2-nonenylquinoline N-oxide M+H",128.900299,1131
"2-nonenyl-3-hydroxy 4(1H)-quinolone ! 4-hydroxy-2-nonenylquinoline N-oxide M+H",130.000351,1090
"2-nonenyl-3-hydroxy 4(1H)-quinolone ! 4-hydroxy-2-nonenylquinoline N-oxide M+H",131.862381,1051
"2-nonenyl-3-hydroxy 4(1H)-quinolone ! 4-hydroxy-2-nonenylquinoline N-oxide M+H",132.856247,1385
"2-nonenyl-3-hydroxy 4(1H)-quinolone ! 4-hydroxy-2-nonenylquinoline N-oxide M+H",133.163391,1270
"2-nonenyl-3-hydroxy 4(1H)-quinolone ! 4-hydroxy-2-nonenylquinoline N-oxide M+H",133.988327,1234
"2-nonenyl-3-hydroxy 4(1H)-quinolone ! 4-hydroxy-2-nonenylquinoline N-oxide M+H",134.440979,1298
"2-nonenyl-3-hydroxy 4(1H)-quinolone ! 4-hydroxy-2-nonenylquinoline N-oxide M+H",134.559906,1165
"2-nonenyl-3-hydroxy 4(1H)-quinolone ! 4-hydroxy-2-nonenylquinoline N-oxide M+H",134.674011,1046
"2-nonenyl-3-hydroxy 4(1H)-quinolone ! 4-hydroxy-2-nonenylquinoline N-oxide M+H",135.162384,1088
"2-nonenyl-3-hydroxy 4(1H)-quinolone ! 4-hydroxy-2-nonenylquinoline N-oxide M+H",135.708694,1071
"2-nonenyl-3-hydroxy 4(1H)-quinolone ! 4-hydroxy-2-nonenylquinoline N-oxide M+H",136.887039,1661
"2-nonenyl-3-hydroxy 4(1H)-quinolone ! 4-hydroxy-2-nonenylquinoline N-oxide M+H",137.451263,1081
"2-nonenyl-3-hydroxy 4(1H)-quinolone ! 4-hydroxy-2-nonenylquinoline N-oxide M+H",138.236176,1142
"2-nonenyl-3-hydroxy 4(1H)-quinolone ! 4-hydroxy-2-nonenylquinoline N-oxide M+H",140.184097,1094
"2-nonenyl-3-hydroxy 4(1H)-quinolone ! 4-hydroxy-2-nonenylquinoline N-oxide M+H",141.813568,1396
"2-nonenyl-3-hydroxy 4(1H)-quinolone ! 4-hydroxy-2-nonenylquinoline N-oxide M+H",143.104736,1051
"2-nonenyl-3-hydroxy 4(1H)-quinolone ! 4-hydroxy-2-nonenylquinoline N-oxide M+H",143.878983,1172
"2-nonenyl-3-hydroxy 4(1H)-quinolone ! 4-hydroxy-2-nonenylquinoline N-oxide M+H",149.141495,1099
"2-nonenyl-3-hydroxy 4(1H)-quinolone ! 4-hydroxy-2-nonenylquinoline N-oxide M+H",150.980011,1138
"2-nonenyl-3-hydroxy 4(1H)-quinolone ! 4-hydroxy-2-nonenylquinoline N-oxide M+H",153.225677,1278
"2-nonenyl-3-hydroxy 4(1H)-quinolone ! 4-hydroxy-2-nonenylquinoline N-oxide M+H",158.35936,1272
"2-nonenyl-3-hydroxy 4(1H)-quinolone ! 4-hydroxy-2-nonenylquinoline N-oxide M+H",158.465088,1087
"2-nonenyl-3-hydroxy 4(1H)-quinolone ! 4-hydroxy-2-nonenylquinoline N-oxide M+H",158.94722,1065
"2-nonenyl-3-hydroxy 4(1H)-quinolone ! 4-hydroxy-2-nonenylquinoline N-oxide M+H",159.067917,4427
"2-nonenyl-3-hydroxy 4(1H)-quinolone ! 4-hydroxy-2-nonenylquinoline N-oxide M+H",159.468323,1060
"2-nonenyl-3-hydroxy 4(1H)-quinolone ! 4-hydroxy-2-nonenylquinoline N-oxide M+H",159.618698,1234
"2-nonenyl-3-hydroxy 4(1H)-quinolone ! 4-hydroxy-2-nonenylquinoline N-oxide M+H",160.075607,5094
"2-nonenyl-3-hydroxy 4(1H)-quinolone ! 4-hydroxy-2-nonenylquinoline N-oxide M+H",160.492828,1223
"2-nonenyl-3-hydroxy 4(1H)-quinolone ! 4-hydroxy-2-nonenylquinoline N-oxide M+H",162.054947,7170
"2-nonenyl-3-hydroxy 4(1H)-quinolone ! 4-hydroxy-2-nonenylquinoline N-oxide M+H",167.60405,1159
"2-nonenyl-3-hydroxy 4(1H)-quinolone ! 4-hydroxy-2-nonenylquinoline N-oxide M+H",168.023712,1067
"2-nonenyl-3-hydroxy 4(1H)-quinolone ! 4-hydroxy-2-nonenylquinoline N-oxide M+H",171.39592,1099
"2-nonenyl-3-hydroxy 4(1H)-quinolone ! 4-hydroxy-2-nonenylquinoline N-oxide M+H",172.075775,10880
"2-nonenyl-3-hydroxy 4(1H)-quinolone ! 4-hydroxy-2-nonenylquinoline N-oxide M+H",172.992584,1293
"2-nonenyl-3-hydroxy 4(1H)-quinolone ! 4-hydroxy-2-nonenylquinoline N-oxide M+H",174.054947,14859
"2-nonenyl-3-hydroxy 4(1H)-quinolone ! 4-hydroxy-2-nonenylquinoline N-oxide M+H",174.347092,1392
"2-nonenyl-3-hydroxy 4(1H)-quinolone ! 4-hydroxy-2-nonenylquinoline N-oxide M+H",175.302109,1598
"2-nonenyl-3-hydroxy 4(1H)-quinolone ! 4-hydroxy-2-nonenylquinoline N-oxide M+H",176.433746,1190
"2-nonenyl-3-hydroxy 4(1H)-quinolone ! 4-hydroxy-2-nonenylquinoline N-oxide M+H",183.34108,1049
"2-nonenyl-3-hydroxy 4(1H)-quinolone ! 4-hydroxy-2-nonenylquinoline N-oxide M+H",183.722198,1050
"2-nonenyl-3-hydroxy 4(1H)-quinolone ! 4-hydroxy-2-nonenylquinoline N-oxide M+H",184.075638,7762
"2-nonenyl-3-hydroxy 4(1H)-quinolone ! 4-hydroxy-2-nonenylquinoline N-oxide M+H",184.373489,1338
"2-nonenyl-3-hydroxy 4(1H)-quinolone ! 4-hydroxy-2-nonenylquinoline N-oxide M+H",184.955627,1045
"2-nonenyl-3-hydroxy 4(1H)-quinolone ! 4-hydroxy-2-nonenylquinoline N-oxide M+H",185.449783,1072
"2-nonenyl-3-hydroxy 4(1H)-quinolone ! 4-hydroxy-2-nonenylquinoline N-oxide M+H",187.838303,1460
"2-nonenyl-3-hydroxy 4(1H)-quinolone ! 4-hydroxy-2-nonenylquinoline N-oxide M+H",188.068436,1175
"2-nonenyl-3-hydroxy 4(1H)-quinolone ! 4-hydroxy-2-nonenylquinoline N-oxide M+H",188.070526,9876
"2-nonenyl-3-hydroxy 4(1H)-quinolone ! 4-hydroxy-2-nonenylquinoline N-oxide M+H",192.104599,1225
"2-nonenyl-3-hydroxy 4(1H)-quinolone ! 4-hydroxy-2-nonenylquinoline N-oxide M+H",195.434402,1062
"2-nonenyl-3-hydroxy 4(1H)-quinolone ! 4-hydroxy-2-nonenylquinoline N-oxide M+H",198.091461,15356
"2-nonenyl-3-hydroxy 4(1H)-quinolone ! 4-hydroxy-2-nonenylquinoline N-oxide M+H",198.961761,1424
"2-nonenyl-3-hydroxy 4(1H)-quinolone ! 4-hydroxy-2-nonenylquinoline N-oxide M+H",199.484116,1144
"2-nonenyl-3-hydroxy 4(1H)-quinolone ! 4-hydroxy-2-nonenylquinoline N-oxide M+H",199.818176,1443
"2-nonenyl-3-hydroxy 4(1H)-quinolone ! 4-hydroxy-2-nonenylquinoline N-oxide M+H",200.049057,1083
"2-nonenyl-3-hydroxy 4(1H)-quinolone ! 4-hydroxy-2-nonenylquinoline N-oxide M+H",200.331543,1118
"2-nonenyl-3-hydroxy 4(1H)-quinolone ! 4-hydroxy-2-nonenylquinoline N-oxide M+H",201.671753,1085
"2-nonenyl-3-hydroxy 4(1H)-quinolone ! 4-hydroxy-2-nonenylquinoline N-oxide M+H",201.776657,1162
"2-nonenyl-3-hydroxy 4(1H)-quinolone ! 4-hydroxy-2-nonenylquinoline N-oxide M+H",202.086395,7609
"2-nonenyl-3-hydroxy 4(1H)-quinolone ! 4-hydroxy-2-nonenylquinoline N-oxide M+H",202.597961,1115
"2-nonenyl-3-hydroxy 4(1H)-quinolone ! 4-hydroxy-2-nonenylquinoline N-oxide M+H",202.599594,2471
"2-nonenyl-3-hydroxy 4(1H)-quinolone ! 4-hydroxy-2-nonenylquinoline N-oxide M+H",202.600403,2738
"2-nonenyl-3-hydroxy 4(1H)-quinolone ! 4-hydroxy-2-nonenylquinoline N-oxide M+H",202.601486,4105
"2-nonenyl-3-hydroxy 4(1H)-quinolone ! 4-hydroxy-2-nonenylquinoline N-oxide M+H",202.603104,1687
"2-nonenyl-3-hydroxy 4(1H)-quinolone ! 4-hydroxy-2-nonenylquinoline N-oxide M+H",202.604996,1057
"2-nonenyl-3-hydroxy 4(1H)-quinolone ! 4-hydroxy-2-nonenylquinoline N-oxide M+H",205.516052,1414
"2-nonenyl-3-hydroxy 4(1H)-quinolone ! 4-hydroxy-2-nonenylquinoline N-oxide M+H",212.10701,3966
"2-nonenyl-3-hydroxy 4(1H)-quinolone ! 4-hydroxy-2-nonenylquinoline N-oxide M+H",212.120956,1121
"2-nonenyl-3-hydroxy 4(1H)-quinolone ! 4-hydroxy-2-nonenylquinoline N-oxide M+H",213.73494,1138
"2-nonenyl-3-hydroxy 4(1H)-quinolone ! 4-hydroxy-2-nonenylquinoline N-oxide M+H",214.087631,1308
"2-nonenyl-3-hydroxy 4(1H)-quinolone ! 4-hydroxy-2-nonenylquinoline N-oxide M+H",214.751526,1288
"2-nonenyl-3-hydroxy 4(1H)-quinolone ! 4-hydroxy-2-nonenylquinoline N-oxide M+H",216.016327,1111
"2-nonenyl-3-hydroxy 4(1H)-quinolone ! 4-hydroxy-2-nonenylquinoline N-oxide M+H",216.101898,2010
"2-nonenyl-3-hydroxy 4(1H)-quinolone ! 4-hydroxy-2-nonenylquinoline N-oxide M+H",219.81282,1252
"2-nonenyl-3-hydroxy 4(1H)-quinolone ! 4-hydroxy-2-nonenylquinoline N-oxide M+H",219.979568,1507
"2-nonenyl-3-hydroxy 4(1H)-quinolone ! 4-hydroxy-2-nonenylquinoline N-oxide M+H",220.521729,1216
"2-nonenyl-3-hydroxy 4(1H)-quinolone ! 4-hydroxy-2-nonenylquinoline N-oxide M+H",222.649033,1843
"2-nonenyl-3-hydroxy 4(1H)-quinolone ! 4-hydroxy-2-nonenylquinoline N-oxide M+H",223.712463,1515
"2-nonenyl-3-hydroxy 4(1H)-quinolone ! 4-hydroxy-2-nonenylquinoline N-oxide M+H",226.119659,1323
"2-nonenyl-3-hydroxy 4(1H)-quinolone ! 4-hydroxy-2-nonenylquinoline N-oxide M+H",226.122696,17243
"2-nonenyl-3-hydroxy 4(1H)-quinolone ! 4-hydroxy-2-nonenylquinoline N-oxide M+H",228.679504,1113
"2-nonenyl-3-hydroxy 4(1H)-quinolone ! 4-hydroxy-2-nonenylquinoline N-oxide M+H",230.117737,4412
"2-nonenyl-3-hydroxy 4(1H)-quinolone ! 4-hydroxy-2-nonenylquinoline N-oxide M+H",230.832581,1143
"2-nonenyl-3-hydroxy 4(1H)-quinolone ! 4-hydroxy-2-nonenylquinoline N-oxide M+H",230.999237,1230
"2-nonenyl-3-hydroxy 4(1H)-quinolone ! 4-hydroxy-2-nonenylquinoline N-oxide M+H",233.052368,1048
"2-nonenyl-3-hydroxy 4(1H)-quinolone ! 4-hydroxy-2-nonenylquinoline N-oxide M+H",233.173477,1899
"2-nonenyl-3-hydroxy 4(1H)-quinolone ! 4-hydroxy-2-nonenylquinoline N-oxide M+H",238.114624,1249
"2-nonenyl-3-hydroxy 4(1H)-quinolone ! 4-hydroxy-2-nonenylquinoline N-oxide M+H",239.841904,1184
"2-nonenyl-3-hydroxy 4(1H)-quinolone ! 4-hydroxy-2-nonenylquinoline N-oxide M+H",240.138504,12909
"2-nonenyl-3-hydroxy 4(1H)-quinolone ! 4-hydroxy-2-nonenylquinoline N-oxide M+H",242.506516,1247
"2-nonenyl-3-hydroxy 4(1H)-quinolone ! 4-hydroxy-2-nonenylquinoline N-oxide M+H",244.169739,8321
"2-nonenyl-3-hydroxy 4(1H)-quinolone ! 4-hydroxy-2-nonenylquinoline N-oxide M+H",244.567413,1376
"2-nonenyl-3-hydroxy 4(1H)-quinolone ! 4-hydroxy-2-nonenylquinoline N-oxide M+H",248.958679,1419
"2-nonenyl-3-hydroxy 4(1H)-quinolone ! 4-hydroxy-2-nonenylquinoline N-oxide M+H",251.50058,1227
"2-nonenyl-3-hydroxy 4(1H)-quinolone ! 4-hydroxy-2-nonenylquinoline N-oxide M+H",255.07486,1091
"2-nonenyl-3-hydroxy 4(1H)-quinolone ! 4-hydroxy-2-nonenylquinoline N-oxide M+H",255.486938,1508
"2-nonenyl-3-hydroxy 4(1H)-quinolone ! 4-hydroxy-2-nonenylquinoline N-oxide M+H",255.927124,1267
"2-nonenyl-3-hydroxy 4(1H)-quinolone ! 4-hydroxy-2-nonenylquinoline N-oxide M+H",255.929718,1339
"2-nonenyl-3-hydroxy 4(1H)-quinolone ! 4-hydroxy-2-nonenylquinoline N-oxide M+H",257.290436,1311
"2-nonenyl-3-hydroxy 4(1H)-quinolone ! 4-hydroxy-2-nonenylquinoline N-oxide M+H",257.403107,1489
"2-nonenyl-3-hydroxy 4(1H)-quinolone ! 4-hydroxy-2-nonenylquinoline N-oxide M+H",258.148804,5627
"2-nonenyl-3-hydroxy 4(1H)-quinolone ! 4-hydroxy-2-nonenylquinoline N-oxide M+H",258.185272,3726
"2-nonenyl-3-hydroxy 4(1H)-quinolone ! 4-hydroxy-2-nonenylquinoline N-oxide M+H",258.869232,1572
"2-nonenyl-3-hydroxy 4(1H)-quinolone ! 4-hydroxy-2-nonenylquinoline N-oxide M+H",259.56839,1351
"2-nonenyl-3-hydroxy 4(1H)-quinolone ! 4-hydroxy-2-nonenylquinoline N-oxide M+H",261.877533,1250
"2-nonenyl-3-hydroxy 4(1H)-quinolone ! 4-hydroxy-2-nonenylquinoline N-oxide M+H",261.895172,1200
"2-nonenyl-3-hydroxy 4(1H)-quinolone ! 4-hydroxy-2-nonenylquinoline N-oxide M+H",262.497131,1186
"2-nonenyl-3-hydroxy 4(1H)-quinolone ! 4-hydroxy-2-nonenylquinoline N-oxide M+H",262.712219,1871
"2-nonenyl-3-hydroxy 4(1H)-quinolone ! 4-hydroxy-2-nonenylquinoline N-oxide M+H",268.166199,11749
"2-nonenyl-3-hydroxy 4(1H)-quinolone ! 4-hydroxy-2-nonenylquinoline N-oxide M+H",268.169525,104317
"2-nonenyl-3-hydroxy 4(1H)-quinolone ! 4-hydroxy-2-nonenylquinoline N-oxide M+H",269.827484,1083
"2-nonenyl-3-hydroxy 4(1H)-quinolone ! 4-hydroxy-2-nonenylquinoline N-oxide M+H",269.868286,1087
"2-nonenyl-3-hydroxy 4(1H)-quinolone ! 4-hydroxy-2-nonenylquinoline N-oxide M+H",271.426392,1475
"2-nonenyl-3-hydroxy 4(1H)-quinolone ! 4-hydroxy-2-nonenylquinoline N-oxide M+H",272.690399,1451
"2-nonenyl-3-hydroxy 4(1H)-quinolone ! 4-hydroxy-2-nonenylquinoline N-oxide M+H",281.178833,1136
"2-nonenyl-3-hydroxy 4(1H)-quinolone ! 4-hydroxy-2-nonenylquinoline N-oxide M+H",286.216766,1257
"2-nonenyl-3-hydroxy 4(1H)-quinolone ! 4-hydroxy-2-nonenylquinoline N-oxide M+H",287.210297,1282
"2-nonenyl-3-hydroxy 4(1H)-quinolone ! 4-hydroxy-2-nonenylquinoline N-oxide M+H",295.196045,1069
"2-nonenyl-3-hydroxy 4(1H)-quinolone ! 4-hydroxy-2-nonenylquinoline N-oxide M+H",299.332092,1092
"2-nonenyl-3-hydroxy 4(1H)-quinolone ! 4-hydroxy-2-nonenylquinoline N-oxide M+H",303.131805,1155
"2-nonenyl-3-hydroxy 4(1H)-quinolone ! 4-hydroxy-2-nonenylquinoline N-oxide M+H",304.79187,1280
"2-nonenyl-3-hydroxy 4(1H)-quinolone ! 4-hydroxy-2-nonenylquinoline N-oxide M+H",308.977692,1803
"2-nonenyl-3-hydroxy 4(1H)-quinolone ! 4-hydroxy-2-nonenylquinoline N-oxide M+H",311.725037,1195
"2-nonenyl-3-hydroxy 4(1H)-quinolone ! 4-hydroxy-2-nonenylquinoline N-oxide M+H",316.138397,1558
"2-nonenyl-3-hydroxy 4(1H)-quinolone ! 4-hydroxy-2-nonenylquinoline N-oxide M+H",317.711975,1085
"2-nonenyl-3-hydroxy 4(1H)-quinolone ! 4-hydroxy-2-nonenylquinoline N-oxide M+H",317.791199,1219
"2-nonenyl-3-hydroxy 4(1H)-quinolone ! 4-hydroxy-2-nonenylquinoline N-oxide M+H",320.267517,1650
"2-nonenyl-3-hydroxy 4(1H)-quinolone ! 4-hydroxy-2-nonenylquinoline N-oxide M+H",322.41217,1096
"2-nonenyl-3-hydroxy 4(1H)-quinolone ! 4-hydroxy-2-nonenylquinoline N-oxide M+H",326.307922,1569
"2-nonenyl-3-hydroxy 4(1H)-quinolone ! 4-hydroxy-2-nonenylquinoline N-oxide M+H",326.463867,1047
"2-nonenyl-3-hydroxy 4(1H)-quinolone ! 4-hydroxy-2-nonenylquinoline N-oxide M+H",326.567902,1512
"2-nonenyl-3-hydroxy 4(1H)-quinolone ! 4-hydroxy-2-nonenylquinoline N-oxide M+H",343.274445,1399
"2-nonenyl-3-hydroxy 4(1H)-quinolone ! 4-hydroxy-2-nonenylquinoline N-oxide M+H",348.296997,1106
"2-nonenyl-3-hydroxy 4(1H)-quinolone ! 4-hydroxy-2-nonenylquinoline N-oxide M+H",350.152954,1081
"2-nonenyl-3-hydroxy 4(1H)-quinolone ! 4-hydroxy-2-nonenylquinoline N-oxide M+H",350.736786,1104
"2-nonenyl-3-hydroxy 4(1H)-quinolone ! 4-hydroxy-2-nonenylquinoline N-oxide M+H",351.076996,1160
"2-nonenyl-3-hydroxy 4(1H)-quinolone ! 4-hydroxy-2-nonenylquinoline N-oxide M+H",354.932861,1079
"2-nonenyl-3-hydroxy 4(1H)-quinolone ! 4-hydroxy-2-nonenylquinoline N-oxide M+H",354.943665,1229
"2-nonenyl-3-hydroxy 4(1H)-quinolone ! 4-hydroxy-2-nonenylquinoline N-oxide M+H",361.460022,1360
"2-nonenyl-3-hydroxy 4(1H)-quinolone ! 4-hydroxy-2-nonenylquinoline N-oxide M+H",363.020844,1060
"2-nonenyl-3-hydroxy 4(1H)-quinolone ! 4-hydroxy-2-nonenylquinoline N-oxide M+H",365.884674,1204
"2-nonenyl-3-hydroxy 4(1H)-quinolone ! 4-hydroxy-2-nonenylquinoline N-oxide M+H",372.244629,1145
"2-nonenyl-3-hydroxy 4(1H)-quinolone ! 4-hydroxy-2-nonenylquinoline N-oxide M+H",376.281525,1144
"2-nonenyl-3-hydroxy 4(1H)-quinolone ! 4-hydroxy-2-nonenylquinoline N-oxide M+H",385.001678,1453
"2-nonenyl-3-hydroxy 4(1H)-quinolone ! 4-hydroxy-2-nonenylquinoline N-oxide M+H",388.857422,1094
"2-nonenyl-3-hydroxy 4(1H)-quinolone ! 4-hydroxy-2-nonenylquinoline N-oxide M+H",394.052612,1130
"2-nonenyl-3-hydroxy 4(1H)-quinolone ! 4-hydroxy-2-nonenylquinoline N-oxide M+H",395.763702,1279
"2-nonenyl-3-hydroxy 4(1H)-quinolone ! 4-hydroxy-2-nonenylquinoline N-oxide M+H",396.778381,1307
"2-nonenyl-3-hydroxy 4(1H)-quinolone ! 4-hydroxy-2-nonenylquinoline N-oxide M+H",403.934906,1125
"2-nonenyl-3-hydroxy 4(1H)-quinolone ! 4-hydroxy-2-nonenylquinoline N-oxide M+H",404.619202,1083
"2-nonenyl-3-hydroxy 4(1H)-quinolone ! 4-hydroxy-2-nonenylquinoline N-oxide M+H",406.35379,1117
"2-nonenyl-3-hydroxy 4(1H)-quinolone ! 4-hydroxy-2-nonenylquinoline N-oxide M+H",407.478333,1431
"2-nonenyl-3-hydroxy 4(1H)-quinolone ! 4-hydroxy-2-nonenylquinoline N-oxide M+H",415.504974,1511
"2-nonenyl-3-hydroxy 4(1H)-quinolone ! 4-hydroxy-2-nonenylquinoline N-oxide M+H",416.691101,1136
"2-nonenyl-3-hydroxy 4(1H)-quinolone ! 4-hydroxy-2-nonenylquinoline N-oxide M+H",421.750275,1229
"2-nonenyl-3-hydroxy 4(1H)-quinolone ! 4-hydroxy-2-nonenylquinoline N-oxide M+H",422.656464,1197
"2-nonenyl-3-hydroxy 4(1H)-quinolone ! 4-hydroxy-2-nonenylquinoline N-oxide M+H",424.378448,1289
"2-nonenyl-3-hydroxy 4(1H)-quinolone ! 4-hydroxy-2-nonenylquinoline N-oxide M+H",426.254639,1276
"2-nonenyl-3-hydroxy 4(1H)-quinolone ! 4-hydroxy-2-nonenylquinoline N-oxide M+H",426.481171,1058
"2-nonenyl-3-hydroxy 4(1H)-quinolone ! 4-hydroxy-2-nonenylquinoline N-oxide M+H",429.780579,1242
"2-nonenyl-3-hydroxy 4(1H)-quinolone ! 4-hydroxy-2-nonenylquinoline N-oxide M+H",432.666809,1423
"2-nonenyl-3-hydroxy 4(1H)-quinolone ! 4-hydroxy-2-nonenylquinoline N-oxide M+H",434.622131,1132
"2-nonenyl-3-hydroxy 4(1H)-quinolone ! 4-hydroxy-2-nonenylquinoline N-oxide M+H",438.296082,1493
"2-nonenyl-3-hydroxy 4(1H)-quinolone ! 4-hydroxy-2-nonenylquinoline N-oxide M+H",438.991302,1162
"2-nonenyl-3-hydroxy 4(1H)-quinolone ! 4-hydroxy-2-nonenylquinoline N-oxide M+H",439.056122,1161
"2-nonenyl-3-hydroxy 4(1H)-quinolone ! 4-hydroxy-2-nonenylquinoline N-oxide M+H",439.260834,1407
"2-nonenyl-3-hydroxy 4(1H)-quinolone ! 4-hydroxy-2-nonenylquinoline N-oxide M+H",446.947632,1171
"2-nonenyl-3-hydroxy 4(1H)-quinolone ! 4-hydroxy-2-nonenylquinoline N-oxide M+H",456.119019,1076
"2-nonenyl-3-hydroxy 4(1H)-quinolone ! 4-hydroxy-2-nonenylquinoline N-oxide M+H",457.110199,1616
"2-nonenyl-3-hydroxy 4(1H)-quinolone ! 4-hydroxy-2-nonenylquinoline N-oxide M+H",461.490295,1525
"2-nonenyl-3-hydroxy 4(1H)-quinolone ! 4-hydroxy-2-nonenylquinoline N-oxide M+H",476.628876,1193
"2-nonenyl-3-hydroxy 4(1H)-quinolone ! 4-hydroxy-2-nonenylquinoline N-oxide M+H",487.397064,1202
"2-nonenyl-3-hydroxy 4(1H)-quinolone ! 4-hydroxy-2-nonenylquinoline N-oxide M+H",490.061829,1234
"2-nonenyl-3-hydroxy 4(1H)-quinolone ! 4-hydroxy-2-nonenylquinoline N-oxide M+H",490.098267,1048
"2-nonenyl-3-hydroxy 4(1H)-quinolone ! 4-hydroxy-2-nonenylquinoline N-oxide M+H",490.691315,1111
"2-nonenyl-3-hydroxy 4(1H)-quinolone ! 4-hydroxy-2-nonenylquinoline N-oxide M+H",492.685486,1519
"2-nonenyl-3-hydroxy 4(1H)-quinolone ! 4-hydroxy-2-nonenylquinoline N-oxide M+H",499.446411,1394
"1-methoxyphenazine M+H",181.994568,26529.179688
"1-methoxyphenazine M+H",183.001282,9027.730469
"1-methoxyphenazine M+H",195.973526,62804.109375
"2-nonyl 4-quinolone M+H",70.798714,1071
"2-nonyl 4-quinolone M+H",70.860176,1034
"2-nonyl 4-quinolone M+H",70.869644,1469
"2-nonyl 4-quinolone M+H",71.346497,1147
"2-nonyl 4-quinolone M+H",71.857651,1200
"2-nonyl 4-quinolone M+H",71.965775,1133
"2-nonyl 4-quinolone M+H",72.233261,1241
"2-nonyl 4-quinolone M+H",72.305687,1189
"2-nonyl 4-quinolone M+H",72.399399,1388
"2-nonyl 4-quinolone M+H",72.925735,1001
"2-nonyl 4-quinolone M+H",73.011398,1187
"2-nonyl 4-quinolone M+H",73.102264,1049
"2-nonyl 4-quinolone M+H",73.843781,1281
"2-nonyl 4-quinolone M+H",73.953354,987
"2-nonyl 4-quinolone M+H",74.24086,1067
"2-nonyl 4-quinolone M+H",75.188171,1416
"2-nonyl 4-quinolone M+H",75.24984,1017
"2-nonyl 4-quinolone M+H",75.488808,1023
"2-nonyl 4-quinolone M+H",76.087181,1300
"2-nonyl 4-quinolone M+H",76.568588,1054
"2-nonyl 4-quinolone M+H",76.600372,1117
"2-nonyl 4-quinolone M+H",76.706223,1172
"2-nonyl 4-quinolone M+H",77.469406,990
"2-nonyl 4-quinolone M+H",77.543716,1212
"2-nonyl 4-quinolone M+H",77.566475,989
"2-nonyl 4-quinolone M+H",77.725883,1158
"2-nonyl 4-quinolone M+H",77.914276,1997
"2-nonyl 4-quinolone M+H",78.073997,1460
"2-nonyl 4-quinolone M+H",78.251442,1042
"2-nonyl 4-quinolone M+H",78.296646,1076
"2-nonyl 4-quinolone M+H",78.514641,1791
"2-nonyl 4-quinolone M+H",78.776627,1062
"2-nonyl 4-quinolone M+H",79.438263,1076
"2-nonyl 4-quinolone M+H",79.510063,1085
"2-nonyl 4-quinolone M+H",79.511566,1102
"2-nonyl 4-quinolone M+H",79.594315,1049
"2-nonyl 4-quinolone M+H",79.714966,1351
"2-nonyl 4-quinolone M+H",80.702805,1407
"2-nonyl 4-quinolone M+H",80.792831,986
"2-nonyl 4-quinolone M+H",80.87986,1313
"2-nonyl 4-quinolone M+H",80.916847,1056
"2-nonyl 4-quinolone M+H",81.006569,1154
"2-nonyl 4-quinolone M+H",81.611397,1058
"2-nonyl 4-quinolone M+H",81.644341,1030
"2-nonyl 4-quinolone M+H",81.71653,1235
"2-nonyl 4-quinolone M+H",82.082817,1121
"2-nonyl 4-quinolone M+H",82.185303,1090
"2-nonyl 4-quinolone M+H",82.344162,1348
"2-nonyl 4-quinolone M+H",82.373367,1460
"2-nonyl 4-quinolone M+H",82.492767,1106
"2-nonyl 4-quinolone M+H",82.794182,985
"2-nonyl 4-quinolone M+H",83.048706,1155
"2-nonyl 4-quinolone M+H",83.297249,1206
"2-nonyl 4-quinolone M+H",84.125374,1430
"2-nonyl 4-quinolone M+H",84.417427,1269
"2-nonyl 4-quinolone M+H",84.575226,1563
"2-nonyl 4-quinolone M+H",85.286972,1037
"2-nonyl 4-quinolone M+H",85.582863,1616
"2-nonyl 4-quinolone M+H",85.601944,1122
"2-nonyl 4-quinolone M+H",85.822929,1194
"2-nonyl 4-quinolone M+H",85.930786,1314
"2-nonyl 4-quinolone M+H",86.072701,1054
"2-nonyl 4-quinolone M+H",86.58503,990
"2-nonyl 4-quinolone M+H",86.679604,1365
"2-nonyl 4-quinolone M+H",86.97068,1136
"2-nonyl 4-quinolone M+H",86.970734,1136
"2-nonyl 4-quinolone M+H",87.231956,1027
"2-nonyl 4-quinolone M+H",87.403839,1114
"2-nonyl 4-quinolone M+H",87.531769,1221
"2-nonyl 4-quinolone M+H",87.537018,1218
"2-nonyl 4-quinolone M+H",87.634697,1328
"2-nonyl 4-quinolone M+H",89.146721,1052
"2-nonyl 4-quinolone M+H",89.245186,1096
"2-nonyl 4-quinolone M+H",89.473267,1484
"2-nonyl 4-quinolone M+H",89.477432,1041
"2-nonyl 4-quinolone M+H",89.688622,1054
"2-nonyl 4-quinolone M+H",89.711639,1163
"2-nonyl 4-quinolone M+H",89.824181,1137
"2-nonyl 4-quinolone M+H",90.595871,1023
"2-nonyl 4-quinolone M+H",90.752762,1004
"2-nonyl 4-quinolone M+H",90.772049,1115
"2-nonyl 4-quinolone M+H",91.096405,1065
"2-nonyl 4-quinolone M+H",91.452415,1055
"2-nonyl 4-quinolone M+H",91.92028,1131
"2-nonyl 4-quinolone M+H",92.152687,1195
"2-nonyl 4-quinolone M+H",92.328903,1740
"2-nonyl 4-quinolone M+H",92.378387,1264
"2-nonyl 4-quinolone M+H",93.121147,1519
"2-nonyl 4-quinolone M+H",93.175041,1123
"2-nonyl 4-quinolone M+H",93.180771,1211
"2-nonyl 4-quinolone M+H",93.196861,1347
"2-nonyl 4-quinolone M+H",93.505074,1099
"2-nonyl 4-quinolone M+H",93.706177,1199
"2-nonyl 4-quinolone M+H",94.310982,1126
"2-nonyl 4-quinolone M+H",94.334564,983
"2-nonyl 4-quinolone M+H",94.617821,1067
"2-nonyl 4-quinolone M+H",94.914246,991
"2-nonyl 4-quinolone M+H",95.07502,1120
"2-nonyl 4-quinolone M+H",95.263977,1146
"2-nonyl 4-quinolone M+H",95.342308,1053
"2-nonyl 4-quinolone M+H",95.378761,987
"2-nonyl 4-quinolone M+H",96.486282,1010
"2-nonyl 4-quinolone M+H",96.617088,1049
"2-nonyl 4-quinolone M+H",97.02417,1118
"2-nonyl 4-quinolone M+H",97.459305,1379
"2-nonyl 4-quinolone M+H",98.123718,1076
"2-nonyl 4-quinolone M+H",98.220688,1566
"2-nonyl 4-quinolone M+H",98.69162,1466
"2-nonyl 4-quinolone M+H",99.039902,1130
"2-nonyl 4-quinolone M+H",99.758522,1034
"2-nonyl 4-quinolone M+H",99.831741,1736
"2-nonyl 4-quinolone M+H",100.186943,1089
"2-nonyl 4-quinolone M+H",100.368881,1305
"2-nonyl 4-quinolone M+H",100.472076,1280
"2-nonyl 4-quinolone M+H",100.644295,1672
"2-nonyl 4-quinolone M+H",100.93486,1009
"2-nonyl 4-quinolone M+H",101.883812,1100
"2-nonyl 4-quinolone M+H",102.395248,977
"2-nonyl 4-quinolone M+H",102.685524,1465
"2-nonyl 4-quinolone M+H",104.703461,1029
"2-nonyl 4-quinolone M+H",105.189217,1172
"2-nonyl 4-quinolone M+H",105.189285,1172
"2-nonyl 4-quinolone M+H",105.346237,990
"2-nonyl 4-quinolone M+H",105.501007,1168
"2-nonyl 4-quinolone M+H",106.178238,983
"2-nonyl 4-quinolone M+H",106.58934,1004
"2-nonyl 4-quinolone M+H",106.680885,1401
"2-nonyl 4-quinolone M+H",106.915909,1105
"2-nonyl 4-quinolone M+H",107.379028,1305
"2-nonyl 4-quinolone M+H",107.831688,1396
"2-nonyl 4-quinolone M+H",108.01239,1381
"2-nonyl 4-quinolone M+H",109.285423,1171
"2-nonyl 4-quinolone M+H",109.380241,1104
"2-nonyl 4-quinolone M+H",109.94561,1065
"2-nonyl 4-quinolone M+H",110.334259,1375
"2-nonyl 4-quinolone M+H",111.93499,1165
"2-nonyl 4-quinolone M+H",113.169586,1104
"2-nonyl 4-quinolone M+H",113.38813,2915
"2-nonyl 4-quinolone M+H",113.388809,1051
"2-nonyl 4-quinolone M+H",113.389153,1261
"2-nonyl 4-quinolone M+H",113.513741,1218
"2-nonyl 4-quinolone M+H",113.548325,975
"2-nonyl 4-quinolone M+H",114.744087,1558
"2-nonyl 4-quinolone M+H",115.062614,1692
"2-nonyl 4-quinolone M+H",116.37159,1043
"2-nonyl 4-quinolone M+H",117.188965,1094
"2-nonyl 4-quinolone M+H",117.364449,1419
"2-nonyl 4-quinolone M+H",117.68895,1302
"2-nonyl 4-quinolone M+H",118.094276,1354
"2-nonyl 4-quinolone M+H",118.216797,1468
"2-nonyl 4-quinolone M+H",119.591965,1016
"2-nonyl 4-quinolone M+H",119.768196,1939
"2-nonyl 4-quinolone M+H",119.960884,1467
"2-nonyl 4-quinolone M+H",120.941521,1446
"2-nonyl 4-quinolone M+H",121.40477,1074
"2-nonyl 4-quinolone M+H",121.639046,1183
"2-nonyl 4-quinolone M+H",121.66803,1019
"2-nonyl 4-quinolone M+H",122.638,1256
"2-nonyl 4-quinolone M+H",123.088791,983
"2-nonyl 4-quinolone M+H",123.369148,1511
"2-nonyl 4-quinolone M+H",123.840195,1181
"2-nonyl 4-quinolone M+H",124.1185,1058
"2-nonyl 4-quinolone M+H",124.196358,1357
"2-nonyl 4-quinolone M+H",124.682884,1534
"2-nonyl 4-quinolone M+H",124.869102,1162
"2-nonyl 4-quinolone M+H",126.396919,1014
"2-nonyl 4-quinolone M+H",126.982048,1072
"2-nonyl 4-quinolone M+H",127.662933,1327
"2-nonyl 4-quinolone M+H",128.144562,1358
"2-nonyl 4-quinolone M+H",128.413315,1092
"2-nonyl 4-quinolone M+H",129.456268,1813
"2-nonyl 4-quinolone M+H",130.125824,1060
"2-nonyl 4-quinolone M+H",131.159576,1078
"2-nonyl 4-quinolone M+H",131.312088,1040
"2-nonyl 4-quinolone M+H",133.37442,1575
"2-nonyl 4-quinolone M+H",133.402344,1081
"2-nonyl 4-quinolone M+H",133.899612,1625
"2-nonyl 4-quinolone M+H",134.46196,1224
"2-nonyl 4-quinolone M+H",135.242416,990
"2-nonyl 4-quinolone M+H",136.749908,1385
"2-nonyl 4-quinolone M+H",137.1996,1064
"2-nonyl 4-quinolone M+H",137.200592,1367
"2-nonyl 4-quinolone M+H",137.243423,1428
"2-nonyl 4-quinolone M+H",138.005219,1155
"2-nonyl 4-quinolone M+H",140.181381,1177
"2-nonyl 4-quinolone M+H",140.615875,1007
"2-nonyl 4-quinolone M+H",141.107529,1176
"2-nonyl 4-quinolone M+H",141.285126,993
"2-nonyl 4-quinolone M+H",142.236115,1307
"2-nonyl 4-quinolone M+H",142.245193,1489
"2-nonyl 4-quinolone M+H",142.658234,1222
"2-nonyl 4-quinolone M+H",143.220001,1132
"2-nonyl 4-quinolone M+H",145.775421,1081
"2-nonyl 4-quinolone M+H",146.386215,984
"2-nonyl 4-quinolone M+H",147.578766,1588
"2-nonyl 4-quinolone M+H",148.03035,1492
"2-nonyl 4-quinolone M+H",148.927963,1197
"2-nonyl 4-quinolone M+H",149.561554,1374
"2-nonyl 4-quinolone M+H",149.621902,1339
"2-nonyl 4-quinolone M+H",150.199646,1142
"2-nonyl 4-quinolone M+H",150.265427,1457
"2-nonyl 4-quinolone M+H",150.649933,1312
"2-nonyl 4-quinolone M+H",150.852966,1071
"2-nonyl 4-quinolone M+H",151.41655,1471
"2-nonyl 4-quinolone M+H",151.75502,1131
"2-nonyl 4-quinolone M+H",151.957245,1263
"2-nonyl 4-quinolone M+H",152.569183,1158
"2-nonyl 4-quinolone M+H",152.913452,1107
"2-nonyl 4-quinolone M+H",154.23793,1112
"2-nonyl 4-quinolone M+H",155.47345,1069
"2-nonyl 4-quinolone M+H",157.016281,1366
"2-nonyl 4-quinolone M+H",157.461975,1371
"2-nonyl 4-quinolone M+H",159.067917,14406
"2-nonyl 4-quinolone M+H",159.544983,1213
"2-nonyl 4-quinolone M+H",160.553482,1176
"2-nonyl 4-quinolone M+H",161.957001,1016
"2-nonyl 4-quinolone M+H",162.074524,1102
"2-nonyl 4-quinolone M+H",162.847382,1469
"2-nonyl 4-quinolone M+H",162.944305,1513
"2-nonyl 4-quinolone M+H",164.822647,1046
"2-nonyl 4-quinolone M+H",165.749069,1136
"2-nonyl 4-quinolone M+H",167.262283,1033
"2-nonyl 4-quinolone M+H",168.777832,1118
"2-nonyl 4-quinolone M+H",169.512207,1194
"2-nonyl 4-quinolone M+H",169.719925,1242
"2-nonyl 4-quinolone M+H",170.924973,1228
"2-nonyl 4-quinolone M+H",172.074402,1351
"2-nonyl 4-quinolone M+H",172.075577,8651
"2-nonyl 4-quinolone M+H",172.266739,1592
"2-nonyl 4-quinolone M+H",173.191925,1047
"2-nonyl 4-quinolone M+H",173.328888,1152
"2-nonyl 4-quinolone M+H",174.067139,1185
"2-nonyl 4-quinolone M+H",174.83165,978
"2-nonyl 4-quinolone M+H",175.425797,1015
"2-nonyl 4-quinolone M+H",176.590088,1056
"2-nonyl 4-quinolone M+H",176.742371,1259
"2-nonyl 4-quinolone M+H",177.906723,1281
"2-nonyl 4-quinolone M+H",178.56424,1086
"2-nonyl 4-quinolone M+H",180.486313,981
"2-nonyl 4-quinolone M+H",180.737335,1326
"2-nonyl 4-quinolone M+H",181.024033,1272
"2-nonyl 4-quinolone M+H",181.05191,1084
"2-nonyl 4-quinolone M+H",181.956406,1089
"2-nonyl 4-quinolone M+H",183.111313,1049
"2-nonyl 4-quinolone M+H",183.536774,1098
"2-nonyl 4-quinolone M+H",184.306488,1632
"2-nonyl 4-quinolone M+H",184.389847,1259
"2-nonyl 4-quinolone M+H",184.870178,1036
"2-nonyl 4-quinolone M+H",185.170837,1157
"2-nonyl 4-quinolone M+H",187.831085,1149
"2-nonyl 4-quinolone M+H",188.600266,1125
"2-nonyl 4-quinolone M+H",189.626282,1365
"2-nonyl 4-quinolone M+H",190.045914,1105
"2-nonyl 4-quinolone M+H",191.092346,1078
"2-nonyl 4-quinolone M+H",191.886093,1056
"2-nonyl 4-quinolone M+H",194.016571,1165
"2-nonyl 4-quinolone M+H",196.039429,1966
"2-nonyl 4-quinolone M+H",196.221024,1351
"2-nonyl 4-quinolone M+H",196.424088,1014
"2-nonyl 4-quinolone M+H",196.699478,1040
"2-nonyl 4-quinolone M+H",197.669067,985
"2-nonyl 4-quinolone M+H",198.046188,1066
"2-nonyl 4-quinolone M+H",198.082138,1238
"2-nonyl 4-quinolone M+H",199.225998,1047
"2-nonyl 4-quinolone M+H",199.388916,1301
"2-nonyl 4-quinolone M+H",199.611984,1126
"2-nonyl 4-quinolone M+H",200.857666,1087
"2-nonyl 4-quinolone M+H",202.082077,1709
"2-nonyl 4-quinolone M+H",202.411667,1090
"2-nonyl 4-quinolone M+H",202.563324,1042
"2-nonyl 4-quinolone M+H",202.600128,2506
"2-nonyl 4-quinolone M+H",202.601761,3454
"2-nonyl 4-quinolone M+H",202.603104,2704
"2-nonyl 4-quinolone M+H",202.604187,1072
"2-nonyl 4-quinolone M+H",203.326981,1064
"2-nonyl 4-quinolone M+H",203.393784,1199
"2-nonyl 4-quinolone M+H",203.547745,1483
"2-nonyl 4-quinolone M+H",204.769623,1321
"2-nonyl 4-quinolone M+H",205.546692,1092
"2-nonyl 4-quinolone M+H",205.691101,1599
"2-nonyl 4-quinolone M+H",207.144119,982
"2-nonyl 4-quinolone M+H",207.268387,1144
"2-nonyl 4-quinolone M+H",207.275482,986
"2-nonyl 4-quinolone M+H",207.988678,990
"2-nonyl 4-quinolone M+H",208.274017,1341
"2-nonyl 4-quinolone M+H",209.051453,1068
"2-nonyl 4-quinolone M+H",209.687912,1005
"2-nonyl 4-quinolone M+H",209.727631,1063
"2-nonyl 4-quinolone M+H",209.864609,1026
"2-nonyl 4-quinolone M+H",210.498154,1153
"2-nonyl 4-quinolone M+H",211.598602,1197
"2-nonyl 4-quinolone M+H",211.689865,1046
"2-nonyl 4-quinolone M+H",212.675125,1035
"2-nonyl 4-quinolone M+H",213.034195,1195
"2-nonyl 4-quinolone M+H",214.929565,1183
"2-nonyl 4-quinolone M+H",215.585815,1007
"2-nonyl 4-quinolone M+H",216.404388,1087
"2-nonyl 4-quinolone M+H",218.14093,1419
"2-nonyl 4-quinolone M+H",218.434692,1170
"2-nonyl 4-quinolone M+H",219.067947,1206
"2-nonyl 4-quinolone M+H",219.642502,1009
"2-nonyl 4-quinolone M+H",220.31543,975
"2-nonyl 4-quinolone M+H",221.073975,1717
"2-nonyl 4-quinolone M+H",223.172577,1241
"2-nonyl 4-quinolone M+H",223.806885,1262
"2-nonyl 4-quinolone M+H",223.995956,1028
"2-nonyl 4-quinolone M+H",224.305054,1002
"2-nonyl 4-quinolone M+H",226.858353,1247
"2-nonyl 4-quinolone M+H",227.937485,1026
"2-nonyl 4-quinolone M+H",228.515488,1257
"2-nonyl 4-quinolone M+H",229.430206,1127
"2-nonyl 4-quinolone M+H",229.687668,1523
"2-nonyl 4-quinolone M+H",231.284576,1061
"2-nonyl 4-quinolone M+H",232.506439,1490
"2-nonyl 4-quinolone M+H",233.764343,1083
"2-nonyl 4-quinolone M+H",234.49118,1124
"2-nonyl 4-quinolone M+H",236.258087,1248
"2-nonyl 4-quinolone M+H",236.305206,1387
"2-nonyl 4-quinolone M+H",239.210159,1152
"2-nonyl 4-quinolone M+H",239.737274,1206
"2-nonyl 4-quinolone M+H",242.342606,2313
"2-nonyl 4-quinolone M+H",242.781754,989
"2-nonyl 4-quinolone M+H",243.370041,1099
"2-nonyl 4-quinolone M+H",244.115112,1343
"2-nonyl 4-quinolone M+H",244.231857,980
"2-nonyl 4-quinolone M+H",244.926041,1540
"2-nonyl 4-quinolone M+H",245.213547,1240
"2-nonyl 4-quinolone M+H",248.190704,1015
"2-nonyl 4-quinolone M+H",248.748383,1268
"2-nonyl 4-quinolone M+H",249.435699,1051
"2-nonyl 4-quinolone M+H",251.076309,1531
"2-nonyl 4-quinolone M+H",252.546753,1325
"2-nonyl 4-quinolone M+H",253.710251,1170
"2-nonyl 4-quinolone M+H",255.781677,1131
"2-nonyl 4-quinolone M+H",256.404388,1126
"2-nonyl 4-quinolone M+H",257.187897,1100
"2-nonyl 4-quinolone M+H",257.400055,1236
"2-nonyl 4-quinolone M+H",258.125092,1017
"2-nonyl 4-quinolone M+H",258.917419,1134
"2-nonyl 4-quinolone M+H",259.26355,978
"2-nonyl 4-quinolone M+H",259.928711,1599
"2-nonyl 4-quinolone M+H",262.67218,1206
"2-nonyl 4-quinolone M+H",263.382874,1020
"2-nonyl 4-quinolone M+H",266.166473,1103
"2-nonyl 4-quinolone M+H",266.226288,1158
"2-nonyl 4-quinolone M+H",268.673096,1086
"2-nonyl 4-quinolone M+H",268.768311,1918
"2-nonyl 4-quinolone M+H",269.67395,1064
"2-nonyl 4-quinolone M+H",272.197052,2338
"2-nonyl 4-quinolone M+H",272.200958,53664
"2-nonyl 4-quinolone M+H",274.115265,1218
"2-nonyl 4-quinolone M+H",274.756378,1197
"2-nonyl 4-quinolone M+H",275.344971,1037
"2-nonyl 4-quinolone M+H",276.264862,1189
"2-nonyl 4-quinolone M+H",276.530823,1708
"2-nonyl 4-quinolone M+H",276.621613,1357
"2-nonyl 4-quinolone M+H",277.280579,1055
"2-nonyl 4-quinolone M+H",278.022705,1807
"2-nonyl 4-quinolone M+H",278.907257,1043
"2-nonyl 4-quinolone M+H",279.27652,1026
"2-nonyl 4-quinolone M+H",279.580261,1011
"2-nonyl 4-quinolone M+H",281.281036,1491
"2-nonyl 4-quinolone M+H",282.198547,1054
"2-nonyl 4-quinolone M+H",282.667175,1108
"2-nonyl 4-quinolone M+H",283.585266,1058
"2-nonyl 4-quinolone M+H",284.988342,2207
"2-nonyl 4-quinolone M+H",285.311646,1689
"2-nonyl 4-quinolone M+H",286.907104,1014
"2-nonyl 4-quinolone M+H",286.988556,1212
"2-nonyl 4-quinolone M+H",287.118958,1264
"2-nonyl 4-quinolone M+H",288.235382,1205
"2-nonyl 4-quinolone M+H",289.152039,1273
"2-nonyl 4-quinolone M+H",289.645172,1189
"2-nonyl 4-quinolone M+H",290.238831,981
"2-nonyl 4-quinolone M+H",291.092804,992
"2-nonyl 4-quinolone M+H",291.69693,1514
"2-nonyl 4-quinolone M+H",295.7948,1016
"2-nonyl 4-quinolone M+H",301.912842,2024
"2-nonyl 4-quinolone M+H",303.093658,1103
"2-nonyl 4-quinolone M+H",303.325806,1194
"2-nonyl 4-quinolone M+H",303.380432,991
"2-nonyl 4-quinolone M+H",303.428986,1377
"2-nonyl 4-quinolone M+H",304.152527,1463
"2-nonyl 4-quinolone M+H",305.149414,1027
"2-nonyl 4-quinolone M+H",306.960876,1200
"2-nonyl 4-quinolone M+H",308.42099,1347
"2-nonyl 4-quinolone M+H",309.155304,1544
"2-nonyl 4-quinolone M+H",316.62085,1641
"2-nonyl 4-quinolone M+H",316.872253,1081
"2-nonyl 4-quinolone M+H",317.905762,1648
"2-nonyl 4-quinolone M+H",318.018433,1246
"2-nonyl 4-quinolone M+H",320.236389,1035
"2-nonyl 4-quinolone M+H",320.511841,1430
"2-nonyl 4-quinolone M+H",321.524963,1055
"2-nonyl 4-quinolone M+H",322.083496,1060
"2-nonyl 4-quinolone M+H",323.180267,1711
"2-nonyl 4-quinolone M+H",324.032349,1054
"2-nonyl 4-quinolone M+H",326.609375,1165
"2-nonyl 4-quinolone M+H",327.18576,1282
"2-nonyl 4-quinolone M+H",327.730164,1201
"2-nonyl 4-quinolone M+H",328.865784,1087
"2-nonyl 4-quinolone M+H",329.040588,1283
"2-nonyl 4-quinolone M+H",334.12439,1319
"2-nonyl 4-quinolone M+H",338.537445,1123
"2-nonyl 4-quinolone M+H",338.927094,995
"2-nonyl 4-quinolone M+H",340.383789,1112
"2-nonyl 4-quinolone M+H",344.802521,1030
"2-nonyl 4-quinolone M+H",346.345093,1519
"2-nonyl 4-quinolone M+H",346.876617,1266
"2-nonyl 4-quinolone M+H",348.942078,1444
"2-nonyl 4-quinolone M+H",349.224915,1085
"2-nonyl 4-quinolone M+H",350.952698,1151
"2-nonyl 4-quinolone M+H",353.087677,992
"2-nonyl 4-quinolone M+H",356.104614,1612
"2-nonyl 4-quinolone M+H",356.239288,984
"2-nonyl 4-quinolone M+H",357.508148,1001
"2-nonyl 4-quinolone M+H",359.416992,1012
"2-nonyl 4-quinolone M+H",359.418701,988
"2-nonyl 4-quinolone M+H",361.497925,1527
"2-nonyl 4-quinolone M+H",362.488098,999
"2-nonyl 4-quinolone M+H",363.027802,1165
"2-nonyl 4-quinolone M+H",363.944244,1095
"2-nonyl 4-quinolone M+H",364.945251,976
"2-nonyl 4-quinolone M+H",366.506287,1388
"2-nonyl 4-quinolone M+H",368.433014,1591
"2-nonyl 4-quinolone M+H",369.242096,1548
"2-nonyl 4-quinolone M+H",370.425354,1248
"2-nonyl 4-quinolone M+H",373.628448,1050
"2-nonyl 4-quinolone M+H",374.413422,1291
"2-nonyl 4-quinolone M+H",375.243439,1339
"2-nonyl 4-quinolone M+H",376.371155,1240
"2-nonyl 4-quinolone M+H",377.246521,1149
"2-nonyl 4-quinolone M+H",377.364777,2043
"2-nonyl 4-quinolone M+H",378.028839,1094
"2-nonyl 4-quinolone M+H",380.499512,1213
"2-nonyl 4-quinolone M+H",382.063873,1188
"2-nonyl 4-quinolone M+H",382.452148,1056
"2-nonyl 4-quinolone M+H",384.408356,1036
"2-nonyl 4-quinolone M+H",386.05127,1153
"2-nonyl 4-quinolone M+H",386.146606,1400
"2-nonyl 4-quinolone M+H",388.315796,985
"2-nonyl 4-quinolone M+H",389.828949,1105
"2-nonyl 4-quinolone M+H",391.216644,1065
"2-nonyl 4-quinolone M+H",391.983093,1123
"2-nonyl 4-quinolone M+H",393.432129,997
"2-nonyl 4-quinolone M+H",397.801422,1174
"2-nonyl 4-quinolone M+H",398.469299,1267
"2-nonyl 4-quinolone M+H",399.291779,1741
"2-nonyl 4-quinolone M+H",401.679688,1112
"2-nonyl 4-quinolone M+H",406.055695,1001
"2-nonyl 4-quinolone M+H",413.047089,1182
"2-nonyl 4-quinolone M+H",415.551666,1630
"2-nonyl 4-quinolone M+H",415.938019,1251
"2-nonyl 4-quinolone M+H",418.213593,1013
"2-nonyl 4-quinolone M+H",421.121399,1201
"2-nonyl 4-quinolone M+H",422.070679,1010
"2-nonyl 4-quinolone M+H",424.480591,1194
"2-nonyl 4-quinolone M+H",428.184937,1584
"2-nonyl 4-quinolone M+H",429.835388,1345
"2-nonyl 4-quinolone M+H",429.91214,1301
"2-nonyl 4-quinolone M+H",430.379395,1227
"2-nonyl 4-quinolone M+H",431.933624,1336
"2-nonyl 4-quinolone M+H",436.621643,1055
"2-nonyl 4-quinolone M+H",436.85556,2235
"2-nonyl 4-quinolone M+H",437.787445,1017
"2-nonyl 4-quinolone M+H",437.918915,1058
"2-nonyl 4-quinolone M+H",438.81601,1091
"2-nonyl 4-quinolone M+H",441.670898,1043
"2-nonyl 4-quinolone M+H",442.001709,1150
"2-nonyl 4-quinolone M+H",444.008728,1474
"2-nonyl 4-quinolone M+H",447.327301,1084
"2-nonyl 4-quinolone M+H",447.990601,1547
"2-nonyl 4-quinolone M+H",449.363098,1090
"2-nonyl 4-quinolone M+H",451.205353,1186
"2-nonyl 4-quinolone M+H",452.671936,1119
"2-nonyl 4-quinolone M+H",453.421692,1379
"2-nonyl 4-quinolone M+H",454.165771,1243
"2-nonyl 4-quinolone M+H",455.633911,1002
"2-nonyl 4-quinolone M+H",456.932556,1228
"2-nonyl 4-quinolone M+H",457.414886,1062
"2-nonyl 4-quinolone M+H",459.187592,1694
"2-nonyl 4-quinolone M+H",461.691193,1035
"2-nonyl 4-quinolone M+H",466.812744,1289
"2-nonyl 4-quinolone M+H",472.27121,1037
"2-nonyl 4-quinolone M+H",474.741516,1028
"2-nonyl 4-quinolone M+H",475.603516,1416
"2-nonyl 4-quinolone M+H",480.316559,1054
"2-nonyl 4-quinolone M+H",482.684479,1308
"2-nonyl 4-quinolone M+H",482.893494,993
"2-nonyl 4-quinolone M+H",485.293182,1031
"2-nonyl 4-quinolone M+H",487.726227,1010
"2-nonyl 4-quinolone M+H",489.501923,1106
"2-nonyl 4-quinolone M+H",490.435852,1391
"2-nonyl 4-quinolone M+H",491.988617,1195
"2-nonyl 4-quinolone M+H",492.973724,1021
"2-nonyl 4-quinolone M+H",494.473328,1115
"2-nonyl 4-quinolone M+H",495.283966,1068
"2-nonyl 4-quinolone M+H",496.087524,1341
"2-nonyl 4-quinolone M+H",496.949066,1689
"2-nonyl 4-quinolone M+H",499.076599,1178
"phenazine-1-carboxamide M+H",60.953461,3107
"phenazine-1-carboxamide M+H",64.07402,3228
"phenazine-1-carboxamide M+H",64.319641,3389
"phenazine-1-carboxamide M+H",64.886436,3124
"phenazine-1-carboxamide M+H",64.96067,3326
"phenazine-1-carboxamide M+H",70.031563,3389
"phenazine-1-carboxamide M+H",73.65461,3360
"phenazine-1-carboxamide M+H",81.727196,3338
"phenazine-1-carboxamide M+H",82.489143,5313
"phenazine-1-carboxamide M+H",85.437988,3798
"phenazine-1-carboxamide M+H",92.161934,3212
"phenazine-1-carboxamide M+H",94.271942,3091
"phenazine-1-carboxamide M+H",98.029404,4198
"phenazine-1-carboxamide M+H",100.016151,3945
"phenazine-1-carboxamide M+H",104.211426,3287
"phenazine-1-carboxamide M+H",104.848595,4091
"phenazine-1-carboxamide M+H",105.670372,3079
"phenazine-1-carboxamide M+H",107.693329,3264
"phenazine-1-carboxamide M+H",108.051025,4198
"phenazine-1-carboxamide M+H",109.359024,3480
"phenazine-1-carboxamide M+H",119.656219,3423
"phenazine-1-carboxamide M+H",120.445038,4542
"phenazine-1-carboxamide M+H",124.148468,3478
"phenazine-1-carboxamide M+H",130.794434,4303
"phenazine-1-carboxamide M+H",131.883698,3853
"phenazine-1-carboxamide M+H",134.650574,3805
"phenazine-1-carboxamide M+H",138.921188,3827
"phenazine-1-carboxamide M+H",146.674438,3360
"phenazine-1-carboxamide M+H",159.307327,3617
"phenazine-1-carboxamide M+H",167.433975,3107
"phenazine-1-carboxamide M+H",172.370865,3141
"phenazine-1-carboxamide M+H",186.359436,3183
"phenazine-1-carboxamide M+H",189.407639,3302
"phenazine-1-carboxamide M+H",189.469162,3346
"phenazine-1-carboxamide M+H",194.064178,4067
"phenazine-1-carboxamide M+H",198.343735,3367
"phenazine-1-carboxamide M+H",207.053558,50178
"phenazine-1-carboxamide M+H",207.055252,307239
"phenazine-1-carboxamide M+H",207.0578,8564
"phenazine-1-carboxamide M+H",216.05072,4213
"phenazine-1-carboxamide M+H",217.270828,3192
"phenazine-1-carboxamide M+H",226.480881,3269
"phenazine-1-carboxamide M+H",229.572845,3666
"phenazine-1-carboxamide M+H",230.097748,3343
"phenazine-1-carboxamide M+H",234.495071,3755
"phenazine-1-carboxamide M+H",238.59964,3435
"phenazine-1-carboxamide M+H",244.629257,3134
"phenazine-1-carboxamide M+H",264.385529,3202
"phenazine-1-carboxamide M+H",267.008881,3323
"phenazine-1-carboxamide M+H",276.485321,3235
"phenazine-1-carboxamide M+H",278.407898,3365
"phenazine-1-carboxamide M+H",278.451355,4244
"phenazine-1-carboxamide M+H",284.099854,3119
"phenazine-1-carboxamide M+H",304.188324,4197
"phenazine-1-carboxamide M+H",338.925323,3160
"phenazine-1-carboxamide M+H",349.184448,3441
"phenazine-1-carboxamide M+H",355.940552,3230
"phenazine-1-carboxamide M+H",372.325653,4702
"phenazine-1-carboxamide M+H",386.763702,3464
"phenazine-1-carboxamide M+H",400.822632,3435
"phenazine-1-carboxamide M+H",427.090881,3523
"phenazine-1-carboxamide M+H",439.870667,4338
"phenazine-1-carboxamide M+H",500.647736,3848
"phenazine-1-carboxamide M+H",501.574951,3539
"phenazine-1-carboxamide M+H",506.445618,3622
"phenazine-1-carboxamide M+H",523.16449,3229
"phenazine-1-carboxamide M+H",529.537781,4743
"phenazine-1-carboxamide M+H",542.625793,3675
"phenazine-1-carboxamide M+H",543.189392,3186
"phenazine-1-carboxamide M+H",549.469238,3521
"phenazine-1-carboxamide M+H",560.939392,3460
"phenazine-1-carboxamide M+H",569.839905,4872
"phenazine-1-carboxamide M+H",569.854919,3351
"phenazine-1-carboxamide M+H",569.863464,4555
"phenazine-1-carboxamide M+H",572.883545,5067
"phenazine-1-carboxamide M+H",572.892212,5082
"phenazine-1-carboxamide M+H",572.913879,5164
"phenazine-1-carboxamide M+H",573.147705,4768
"phenazine-1-carboxamide M+H",573.162842,3423
"phenazine-1-carboxamide M+H",573.21051,3384
"phenazine-1-carboxamide M+H",574.458984,3776
"phenazine-1-carboxamide M+H",575.164795,3950
"phenazine-1-carboxamide M+H",576.505066,4113
"phenazine-1-carboxamide M+H",579.882019,5744
"phenazine-1-carboxamide M+H",579.888672,6677
"phenazine-1-carboxamide M+H",579.901978,5953
"phenazine-1-carboxamide M+H",586.243469,4386
"phenazine-1-carboxamide M+H",586.261597,4085
"phenazine-1-carboxamide M+H",586.49054,5237
"phenazine-1-carboxamide M+H",586.815063,3130
"phenazine-1-carboxamide M+H",590.027161,5646
"phenazine-1-carboxamide M+H",593.279297,4927
"phenazine-1-carboxamide M+H",593.295532,3150
"phenazine-1-carboxamide M+H",593.829834,4156
"phenazine-1-carboxamide M+H",593.836853,3375
"phenazine-1-carboxamide M+H",594.393066,4096
"phenazine-1-carboxamide M+H",594.402405,4810
"phenazine-1-carboxamide M+H",594.416382,4941
"phenazine-1-carboxamide M+H",595.48999,4284
"phenazine-1-carboxamide M+H",595.775391,3475
"phenazine-1-carboxamide M+H",596.844543,5659
"phenazine-1-carboxamide M+H",596.867981,3567
"phenazine-1-carboxamide M+H",597.161743,3645
"phenazine-1-carboxamide M+H",598.07312,4562
"phenazine-1-carboxamide M+H",604.427673,6186
"phenazine-1-carboxamide M+H",604.466187,4692
"phenazine-1-carboxamide M+H",605.583679,3161
"phenazine-1-carboxamide M+H",607.585205,3150
"phenazine-1-carboxamide M+H",607.614441,7382
"phenazine-1-carboxamide M+H",615.170959,5399
"phenazine-1-carboxamide M+H",615.750366,3867
"phenazine-1-carboxamide M+H",617.243958,3485
"phenazine-1-carboxamide M+H",617.279175,4245
"phenazine-1-carboxamide M+H",618.74231,6911
"phenazine-1-carboxamide M+H",623.209595,3480
"phenazine-1-carboxamide M+H",623.242859,3402
"phenazine-1-carboxamide M+H",625.672607,3300
"phenazine-1-carboxamide M+H",626.595459,3392
"phenazine-1-carboxamide M+H",627.199219,5297
"phenazine-1-carboxamide M+H",627.871765,4342
"phenazine-1-carboxamide M+H",628.121399,4814
"phenazine-1-carboxamide M+H",629.359497,18241
"phenazine-1-carboxamide M+H",629.377747,4956
"phenazine-1-carboxamide M+H",629.390808,7183
"phenazine-1-carboxamide M+H",629.401306,7924
"phenazine-1-carboxamide M+H",629.411743,5921
"phenazine-1-carboxamide M+H",629.42218,7916
"phenazine-1-carboxamide M+H",629.432617,5392
"phenazine-1-carboxamide M+H",630.867432,12392
"phenazine-1-carboxamide M+H",630.891052,16001
"phenazine-1-carboxamide M+H",630.906799,17139
"phenazine-1-carboxamide M+H",631.177246,4660
"phenazine-1-carboxamide M+H",631.182495,4684
"phenazine-1-carboxamide M+H",631.206116,4560
"phenazine-1-carboxamide M+H",631.216614,5004
"phenazine-1-carboxamide M+H",632.448547,4711
"phenazine-1-carboxamide M+H",642.871704,7129
"phenazine-1-carboxamide M+H",643.209839,5882
"phenazine-1-carboxamide M+H",643.220703,4813
"phenazine-1-carboxamide M+H",646.130981,3088
"phenazine-1-carboxamide M+H",647.115173,3818
"phenazine-1-carboxamide M+H",647.416321,4938
"phenazine-1-carboxamide M+H",647.432861,3193
"phenazine-1-carboxamide M+H",647.449463,5308
"phenazine-1-carboxamide M+H",651.054321,3962
"phenazine-1-carboxamide M+H",655.033203,4752
"phenazine-1-carboxamide M+H",655.041687,3914
"phenazine-1-carboxamide M+H",660.056335,5607
"phenazine-1-carboxamide M+H",660.067871,3389
"phenazine-1-carboxamide M+H",660.087952,7039
"phenazine-1-carboxamide M+H",664.184204,4412
"phenazine-1-carboxamide M+H",664.527588,6524
"phenazine-1-carboxamide M+H",668.664551,6374
"phenazine-1-carboxamide M+H",672.826477,3099
"phenazine-1-carboxamide M+H",673.20874,7681
"phenazine-1-carboxamide M+H",673.226685,10093
"phenazine-1-carboxamide M+H",673.238647,11720
"phenazine-1-carboxamide M+H",673.262573,6965
"phenazine-1-carboxamide M+H",674.094482,3328
"phenazine-1-carboxamide M+H",674.556213,3686
"phenazine-1-carboxamide M+H",682.150391,5190
"phenazine-1-carboxamide M+H",682.171875,8017
"phenazine-1-carboxamide M+H",682.184143,14492
"phenazine-1-carboxamide M+H",682.540283,4946
"phenazine-1-carboxamide M+H",686.746704,3244
"phenazine-1-carboxamide M+H",686.908447,3692
"phenazine-1-carboxamide M+H",686.930176,3306
"phenazine-1-carboxamide M+H",686.948853,4927
"phenazine-1-carboxamide M+H",688.21759,3897
"phenazine-1-carboxamide M+H",696.597595,4641
"phenazine-1-carboxamide M+H",696.619934,7493
"phenazine-1-carboxamide M+H",696.642334,10259
"phenazine-1-carboxamide M+H",696.972107,4190
"phenazine-1-carboxamide M+H",696.984924,4733
"phenazine-1-carboxamide M+H",697.000916,6604
"phenazine-1-carboxamide M+H",697.020142,5121
"phenazine-1-carboxamide M+H",701.170776,4164
"phenazine-1-carboxamide M+H",701.19342,3780
"phenazine-1-carboxamide M+H",706.156006,9621
"phenazine-1-carboxamide M+H",706.17572,10668
"phenazine-1-carboxamide M+H",706.188904,17665
"phenazine-1-carboxamide M+H",706.198792,18150
"phenazine-1-carboxamide M+H",706.221802,12344
"phenazine-1-carboxamide M+H",706.429016,5120
"phenazine-1-carboxamide M+H",706.560669,3673
"phenazine-1-carboxamide M+H",706.596863,3243
"phenazine-1-carboxamide M+H",711.252686,4947
"phenazine-1-carboxamide M+H",711.276062,4616
"phenazine-1-carboxamide M+H",713.951416,3138
"phenazine-1-carboxamide M+H",721.27533,4211
"phenazine-1-carboxamide M+H",722.085754,12426
"phenazine-1-carboxamide M+H",722.109863,8290
"phenazine-1-carboxamide M+H",729.532837,3372
"phenazine-1-carboxamide M+H",734.144897,3222
"phenazine-1-carboxamide M+H",737.407471,4001
"phenazine-1-carboxamide M+H",737.421814,5000
"phenazine-1-carboxamide M+H",737.855896,3737
"phenazine-1-carboxamide M+H",742.51593,9488
"phenazine-1-carboxamide M+H",742.545044,14430
"phenazine-1-carboxamide M+H",742.566833,7923
"phenazine-1-carboxamide M+H",742.985229,5770
"phenazine-1-carboxamide M+H",743.393066,5065
"phenazine-1-carboxamide M+H",753.876526,6402
"phenazine-1-carboxamide M+H",764.2052,8141
"phenazine-1-carboxamide M+H",765.539856,5889
"phenazine-1-carboxamide M+H",765.574646,14150
"phenazine-1-carboxamide M+H",765.590088,8426
"phenazine-1-carboxamide M+H",771.977234,3274
"phenazine-1-carboxamide M+H",772.0047,10785
"phenazine-1-carboxamide M+H",772.02832,5003
"phenazine-1-carboxamide M+H",772.0401,5981
